Business Name,Address,Address Line 2,City,State,ZIP,Country,Entity Report Due,Entity Report Past Due,Pending Dissolution,Dissolved
3 Guys Construction LLC,1343 N LASALLE ST.,INDIANAPOLIS,INDIANAPOLIS,IN,46201,USA,False,False,False,False
360 PROPERTY SOLUTIONS LLC,7944 RIDGEGATE WEST DRIVE,INDIANAPOLIS,INDIANAPOLIS,IN,46268,USA,False,False,False,False
503 TRANSPORT LLC,7439 HIGDON CT,INDIANAPOLIS,INDIANAPOLIS,IN,46214,USA,False,False,False,False
800SEGURO LLC,7821 TANZA ROAD,"A, INDIANAPOLIS","A, INDIANAPOLIS",IN,46237,USA,False,False,False,False
A & A HISPANIC MULTISERVICE LLC,3718 N MITTHOEFER RD,INDIANAPOLIS,INDIANAPOLIS,IN,46235,USA,False,False,False,False
A PLUS REMODELING LLC,2151 WEBB ST,INDIANAPOLIS,INDIANAPOLIS,IN,46225,USA,False,False,False,False
A RODRIGUEZ LLC,62 N PERSHING AVE,INDIANAPOLIS,INDIANAPOLIS,IN,46222,USA,False,False,False,False
ADAN ESTUARDO LOPEZ PEREZ LLC,9715 CHIVALRY COURT,INDIANAPOLIS,INDIANAPOLIS,IN,46229,USA,False,False,False,False
AE STAFFING & SOLUTIONS LLC,,,,,,,False,False,False,False
AG & S PROFESSIONAL SERVICES LLC,4237 BARI COURT,INDIANAPOLIS,INDIANAPOLIS,IN,46235,USA,False,False,False,False
Aguacates Alvarez LLC,170 DALE ST.,MITCHELL,MITCHELL,IN,47446,USA,False,False,False,False
AIDE MANICA GOMEZ LLC,3585 COMMERCIAL DR LOT 710,INDIANAPOLIS,INDIANAPOLIS,IN,46222,USA,False,False,False,False
Al S Auto Detail LLC,2850 E COUNTY ROAD 875 S,MOORESVILLE,MOORESVILLE,IN,46158,USA,False,False,False,False
ALEJANDRO BARRAGAN GARCIA LLC,2067 EGRET CT,"C, INDIANAPOLIS","C, INDIANAPOLIS",IN,46260,USA,False,False,False,False
ALFONSO RODRIGUEZ VALVERDE LLC,3137 MELBOURNE RD S DR.,INDIANAPOLIS,INDIANAPOLIS,IN,46228,USA,False,False,False,False
ALFREDO SUAREZ NICOLAS LLC,4523 CALHOUN ST,INDIANAPOLIS,INDIANAPOLIS,IN,46203,USA,False,False,False,False
ALL EVENT BANQUET LLC,,,,,,,False,False,False,False
ANA E CLAVEL MOLINA LLC,1709 MILLER ST,INDIANAPOLIS,INDIANAPOLIS,IN,46221,USA,False,False,False,False
ANAS BARBERSHOP LLC,1114 N KEALING AVE,INDIANAPOLIS,INDIANAPOLIS,IN,46201,USA,False,False,False,False
Andersson Alexander Rivera Cruz LLC,7287 CHINOOK CIRCLE,"LOT 95, INDIANAPOLIS","LOT 95, INDIANAPOLIS",IN,46219,USA,False,False,False,False
Angel Ramirez Alcocer LLC,5821 BYWOOD,"A, INDIANAPOLIS","A, INDIANAPOLIS",IN,46220,USA,False,False,False,False
Antonio Pena Hernandez LLC,2109 KESSLER BLVD NORTH DR,INDIANAPOLIS,INDIANAPOLIS,IN,46222,USA,False,False,False,False
Antonio Quinillo LLC,5216 BILL DR ,INDIANAPOLIS,INDIANAPOLIS,IN,46236,USA,False,False,False,False
ARTREVE LLC,4817 SHADOW POINTE DRIVE,INDIANAPOLIS,INDIANAPOLIS,IN,46254,USA,False,False,False,False
AZURE PALMS LLC,9555 INTERNATIONAL CIRCLE,INDIANAPOLIS,INDIANAPOLIS,IN,46268,USA,False,False,False,False
BARAHONA TECHNICAL SERVICE LLC,5101 PLAINFIELD AVE,INDIANAPOLIS,INDIANAPOLIS,IN,46241,USA,False,False,False,False
BELLISIMO D & A LLC,7480 MICHIGAN RD ,"STE C , INDIANAPOLIS","STE C , INDIANAPOLIS",IN,46268,USA,False,False,False,False
Bernard G LLC,9353 BARCROFT DR APT C,INDIANAPOLIS,INDIANAPOLIS,IN,46240,USA,False,False,False,False
BERNARDO HERNANDEZ CORONA LLC,3375 WATERGATE CT,INDIANAPOLIS,INDIANAPOLIS,IN,46224,USA,False,False,False,False
BETTY BLUE HAIR LLC,3601 N GLEN ARM RD APT C,INDIANAPOLIS,INDIANAPOLIS,IN,46224,USA,False,False,False,False
BLESS ME LLC,1134 N BELLEVIEW PL ,INDIANAPOLIS,INDIANAPOLIS,IN,46222,USA,False,False,False,False
BOSS WINDOW TINTING LLC,7355 BIMINI LN,"APT D, INDIANAPOLIS","APT D, INDIANAPOLIS",IN,46214,USA,False,False,False,False
BOXTOPIA WHOLESALE SUPPLIES LLC,,,,,,,False,False,False,False
Brenda V Mendez Hernandez LLC,13500 N US HWY 31 LOT 82,EDINBURGH,EDINBURGH,IN,46124,USA,False,False,False,False
"BROLY GAMES AND TOYS, LLC",3420 PATTON DR.,INDIANAPOLIS,INDIANAPOLIS,IN,46224,USA,False,False,False,False
CANVAS MARKETING LLC,3585 COMMERCIAL DRIVE,INDIANAPOLIS,INDIANAPOLIS,IN,46222,USA,False,False,False,False
Carlos Alberto Ortiz Andrade LLC,3548 DUKANE WAY,INDIANAPOLIS,INDIANAPOLIS,IN,46224,USA,False,False,False,False
CARLOS DANIEL LLC,9364 RACQUET CLUB N DR APT B,INDIANAPOLIS,INDIANAPOLIS,IN,46260,USA,False,False,False,False
CASTANEDA FLOORING LLC,5201 PATRICIA ST,INDIANAPOLIS,INDIANAPOLIS,IN,46224,USA,False,False,False,False
Chiroy Enterprises HVAC LLC,1401 WADE ST,INDIANAPOLIS,INDIANAPOLIS,IN,46203,USA,False,False,False,False
CIRINO ZAPATA LLC,403 HAUGH ST,INDIANAPOLIS,INDIANAPOLIS,IN,46222,USA,False,False,False,False
CJ RICE & COMPANIES LLC,,,,,,,False,False,False,False
Cleaning Services Gen LLC,4202 MAJESTIC LANE,"APT H, INDIANAPOLIS","APT H, INDIANAPOLIS",IN,46254,USA,False,False,False,False
COCO BONGOS INDY LLC,,,,,,,False,False,False,False
CollectToys LLC,3585 COMMERCIAL DRIVE,"616, INDIANAPOLIS","616, INDIANAPOLIS",IN,46222,USA,False,False,False,False
Coranguez LLC,7921 N. ST RD 9 ,FORTVILLE,FORTVILLE,IN,46040,USA,False,False,False,False
CR MASONRY LLC,2225 S MERIDIAN ST,INDIANAPOLIS,INDIANAPOLIS,IN,46225,USA,False,False,False,False
CREATED BY JAYSON LLC,1939 W COIL ST.,INDIANAPOLIS,INDIANAPOLIS,IN,46260,USA,False,False,False,False
Created by Jr Picos LLC,3516 ROUND ROCK CIRCLE,LAFAYETTE,LAFAYETTE,IN,47909,USA,False,False,False,False
CRUZ COMPUTER REPAIR LLC,3409 WOODFRONT DR,INDIANAPOLIS,INDIANAPOLIS,IN,46222,USA,False,False,False,False
D & G GROUP LLC,1671 E FORK DR ,BROWNSBURG,BROWNSBURG,IN,46112,USA,False,False,False,False
D & G SUPREME GUTTERS LLC,7816 IVYDALE DRIVE ,"APT A, INDIANAPOLIS","APT A, INDIANAPOLIS",IN,46250,USA,False,False,False,False
D ANGELES AUTO SERVICES LLC,1905 S 4TH ST,"STE B, LAFAYETTE","STE B, LAFAYETTE",IN,47905,USA,False,False,False,False
DANIELS LANDSCAPING LLC,8919 ROY RD.,INDIANAPOLIS,INDIANAPOLIS,IN,46219,USA,False,False,False,False
DAVID TECAXCO LLC,2709 COREY DR,INDIANAPOLIS,INDIANAPOLIS,IN,46227,USA,False,False,False,False
DAVIDS TIRE SHOP LLC,,,,,,,False,False,False,False
DAVIDS TIRE SHOP LLC,,,,,,,False,False,False,False
DELREAL DEAL LIQUIDATORS LLC,3919 LAFAYETTE RD,"SUITE 244, INDIANAPOLIS","SUITE 244, INDIANAPOLIS",IN,46254,USA,False,False,False,False
DIEGO DIAZ PEREZ LLC,349 S RURAL ST,INDIANAPOLIS,INDIANAPOLIS,IN,46201,USA,False,False,False,False
DINORA C REYES LLC,3331 W 33RD PL,"D, INDIANAPOLIS","D, INDIANAPOLIS",IN,46222,USA,False,False,False,False
DOMINGO MARQUIN-MENDOZA LLC,1929 HOWARD ST ,INDIANAPOLIS,INDIANAPOLIS,IN,46221,USA,False,False,False,False
DULCE’S AROMATHERAPY CO,3585 COMMERCIAL DR BOOTH #633,INDIANAPOLIS,INDIANAPOLIS,IN,46222,USA,False,False,False,False
"DULCE'S AROMATHERAPY & PRODUCTS, LLC",3585 COMMERCIAL DRIVE STE 830,INDIANAPOLIS,INDIANAPOLIS,IN,46222,USA,False,False,False,False
DUVIS REMODELING LLC,8821 BEL AIR DR,INDIANAPOLIS,INDIANAPOLIS,IN,46226,USA,False,False,False,False
E & D FRAMING LLC,1335 E 96TH ST,INDIANAPOLIS,INDIANAPOLIS,IN,46240,USA,False,False,False,False
E & M FINANCIAL SERVICES LLC,7067 N MICHIGAN RD ,INDIANAPOLIS,INDIANAPOLIS,IN,46268,USA,False,False,False,False
EDI SANOTS CARRANZA SANCHEZ LLC,7076 PORTLAND SQ,INDIANAPOLIS,INDIANAPOLIS,IN,46260,USA,False,False,False,False
EDSON YAHIR BOGARIN DE LA CRUZ LLC,3226 FALCON DR,INDIANAPOLIS,INDIANAPOLIS,IN,46222,USA,False,False,False,False
EDWIN GALIDNO LLC,5030 ELLIOTT AVE.,INDIANAPOLIS,INDIANAPOLIS,IN,46201,USA,False,False,False,False
EICG LLC,8013 STONEHINGE CT N,"APT 182, INDIANAPOLIS","APT 182, INDIANAPOLIS",IN,46260,USA,False,False,False,False
El Amigo Chapin LLC,315 MILL STREET,SEYMOUR,SEYMOUR,IN,47274,USA,False,False,False,False
EL KIOSCO LLC,3585 COMMERCIAL DR,INDIANAPOLIS,INDIANAPOLIS,IN,46222,USA,False,False,False,False
ELECTRONICOS NACHITO LLC,,,,,,,False,False,False,False
ELECTRONICOS ORTIZ LLC,1411 ENGLISH AVE,", INDIANAPOLIS",", INDIANAPOLIS",IN,46201,USA,False,False,False,False
ELLI STUDIO LLC,3241 MILAN ST.,INDIANAPOLIS,INDIANAPOLIS,IN,46222,USA,False,False,False,False
ESMERALDA LISSETTE GUERRA RODRIGUEZ LLC,3654 N GLEN ARM RD,"D, INDIANAPOLIS","D, INDIANAPOLIS",IN,46224,USA,False,False,False,False
Espana Construction LLC,3238 NORWICH LANE,INDIANAPOLIS,INDIANAPOLIS,IN,46224,USA,False,False,False,False
ESTATE REAL CORP,13497 ALLEGIANCE DR.,FISHERS,FISHERS,IN,46037,USA,False,False,False,False
EVELYN YESENIA LLC,1015 WALDEMERE AVE. ,INDIANAPOLIS,INDIANAPOLIS,IN,46241,USA,False,False,False,False
FASHION FLIP LLC,,,,,,,False,False,False,False
FELICITAS HERNANDEZ LLC,4446 W. 34TH ST,INDIANAPOLIS,INDIANAPOLIS,IN,46222,USA,False,False,False,False
FELIPE D VELIZ TURCIOS LLC,9328 RACQUETBALL DR APT C ,INDIANAPOLIS,INDIANAPOLIS,IN,46260,USA,False,False,False,False
FELIX EL BARATILLO LLC,,,,,,,False,False,False,False
FELIX GONZALEZ ORTIZ LLC,950 N TREMONT ST,INDIANAPOLIS,INDIANAPOLIS,IN,46222,USA,False,False,False,False
FPS LLP,,,,,,,False,False,False,False
Francisco Garcia Fonseca LLC,611 GARDEN ST,"TRLR #15, COLUMBUS","TRLR #15, COLUMBUS",IN,47201,USA,False,False,False,False
FRANSAN DETAILING LLC,,,,,,,False,False,False,False
G&R CARPENTER LLC,253 NORTH VAN BURAN ST.,FRANKFORT,FRANKFORT,IN,46041,USA,False,False,False,False
Gabriel Trujillo Tamariz LLC,611 GARDEN ST,"11, COLUMBUS","11, COLUMBUS",IN,47201,USA,False,False,False,False
GAMA'S ROOFING & REMODELING LLC,732 JEWELL ST ,COLUMBUS ,COLUMBUS ,IN,47220,USA,False,False,False,False
Garcia Cleaning Services LLC,3585 COMMERCIAL DRIVE,"730, INDIANAPOLIS","730, INDIANAPOLIS",IN,46222,USA,False,False,False,False
GARCIA PAINTING PRO LLC,2635 SHIRLEY DR,INDIANAPOLIS,INDIANAPOLIS,IN,46222,USA,False,False,False,False
GENERAL CONSTRUCTION GROUP LLC,768 CARLYLE PL,INDIANAPOLIS,INDIANAPOLIS,IN,46201,USA,False,False,False,False
GENERAL REMODELING BARAJAS LLC,2504 BROOKSIDE AVE,INDIANAPOLIS,INDIANAPOLIS,IN,46218,USA,False,False,False,False
GENERAL.CONSTRUCTION GROUP LLC,768 CARLYLE PL,INDIANAPOLIS,INDIANAPOLIS,IN,46201,USA,False,False,False,False
GLADIOLA LLC,2409 RALEIGH BLVD,SHELBYVILLE,SHELBYVILLE,IN,46176,USA,False,False,False,False
Glamour Touch LLC,8517 SANSA ST.,CAMBY,CAMBY,IN,46113,USA,False,False,False,False
Golosinas La Jarocha LLC,2767 S DELAWARE ST,INDIANAPOLIS,INDIANAPOLIS,IN,46225,USA,False,False,False,False
H&M Solutions LLC,4323 MAJESTIC LN,"K, INDIANAPOLIS","K, INDIANAPOLIS",IN,46254,USA,False,False,False,False
HERUVIEL MORALES LLC,3246 WELLER DR,INDIANAPOLIS,INDIANAPOLIS,IN,46268,USA,False,False,False,False
IDM MEDIA GROUP LTD.,3585 COMMERCIAL DRIVE,INDIANAPOLIS,INDIANAPOLIS,IN,46222,USA,False,False,False,False
IFIX REPAIR CENTER & VAPE SHOP LLC,,,,,,,False,False,False,False
IK Roofing LLC,3149 N FULLER DRIVE,INDIANAPOLIS,INDIANAPOLIS,IN,46224,USA,False,False,False,False
ILCM PAINTING CLEANING & REMODELING LLC,3320 W 33RD ST,"B, INDIANAPOLIS","B, INDIANAPOLIS",IN,46222,USA,False,False,False,False
Indy Commercial Roofing LLC,3585 COMMERCIAL DRIVE,INDIANAPOLIS,INDIANAPOLIS,IN,46222,USA,False,False,False,False
INDY FUDS LLC,,,,,,,False,False,False,False
INDY TAPING AND DRYWALL LLC,519 N MORELAND AVE,INDIANAPOLIS,INDIANAPOLIS,IN,46222,USA,False,False,False,False
Innova Floors LLC,5855 SAN CLEMENTE LN,INDIANAPOLIS,INDIANAPOLIS,IN,46226,USA,False,False,False,False
INNOVA HIRE LLC,7305 NANTUCKET COURT,"2C, INDIANAPOLIS","2C, INDIANAPOLIS",IN,46214,USA,False,False,False,False
INNOVAFLOW SOLUTIONS LLC,119 S WESTERN AVE,"UNIT 1, CHICAGO","UNIT 1, CHICAGO",IL,60612,USA,False,False,False,False
ISABEL S AVILA LLC,4235 CARSON LN,INDIANAPOLIS,INDIANAPOLIS,IN,46227,USA,False,False,False,False
"Isael Construction, LLC",2924 SOUTH FLEMING ST,INDIANAPOLIS,INDIANAPOLIS,IN,46241,USA,False,False,False,False
Isaura Construction LLC,2067 EGRET CT APT C ,INDIANAPOLIS,INDIANAPOLIS,IN,46260,USA,False,False,False,False
IVIS HUMBERTO MEJIA AGUILAR LLC,5217 WOODBROOK DR,"D, INDIANAPOLIS","D, INDIANAPOLIS",IN,46254,USA,False,False,False,False
J & R TORRES CONSTRUCTION LLC,3049 BEELER AVE,INDIANAPOLIS,INDIANAPOLIS,IN,46224,USA,False,False,False,False
JAENSOMAR HANDYMAN LLC,1205 ARCHWAY DRIVE,LAFAYETTE,LAFAYETTE,IN,47909,USA,False,False,False,False
JAUREGUI BARAJAS BRAULIO LLC,3466 GEORGETOWN RD,INDIANAPOLIS,INDIANAPOLIS,IN,46224,USA,False,False,False,False
Javier A Ocon Siles LLC,5308 W 22 ST,"B, INDIANAPOLIS","B, INDIANAPOLIS",IN,46224,USA,False,False,False,False
Javier Jimenez Onofre LLC,2441 S RYBOLT AVE,INDIANAPOLIS,INDIANAPOLIS,IN,46241,USA,False,False,False,False
JAZMIN FASHION LLC,3585 COMMERCIAL DR,"BOOTH 827, INDIANAPOLIS","BOOTH 827, INDIANAPOLIS",IN,46222,USA,False,False,False,False
JB Construction LLP,1335 E 96TH ST.,INDIANAPOLIS,INDIANAPOLIS,IN,46240,USA,False,False,False,False
JCM REMODELING LLC,3432 ELLEN DR.,INDIANAPOLIS,INDIANAPOLIS,IN,46224,USA,False,False,False,False
JESSI'S ACCESORIES LLC,2725 FALCON DR,INDIANAPOLIS,INDIANAPOLIS,IN,46222,USA,False,False,False,False
JMC CONTRACTORS LLC,5410 BURGESS AVE.,INDIANAPOLIS,INDIANAPOLIS,IN,46219,USA,False,False,False,False
JMG PAINTING AND CONSTRUCTION LLC,5323 W 53RD ST,INDIANAPOLIS,INDIANAPOLIS,IN,46254,USA,False,False,False,False
JORGE OSORINIO LLC,4458 ARISTOCRAT LN,INDIANAPOLIS,INDIANAPOLIS,IN,46235,USA,False,False,False,False
Jose Bernabe Badillo Fuentes LLC,4725 W 52ND ST.,INDIANAPOLIS,INDIANAPOLIS,IN,46254,USA,False,False,False,False
Jose Luis Reyes Salazar LLC,9998 DIANE WEST DR,COLUMBUS,COLUMBUS,IN,47201,USA,False,False,False,False
JOSE LUIS REYES SALZAR LLC,2220 TYLER DR,COLUMBUS,COLUMBUS,IN,47201,USA,False,False,False,False
Jose Mateo Miguel Baltazar LLC,1335 E 96TH ST,INDIANAPOLIS,INDIANAPOLIS,IN,46240,USA,False,False,False,False
JOSEFA HERNANDEZ VERA LLC,1306 W WALNUT ST,WASHINGTON,WASHINGTON,IN,47501,USA,False,False,False,False
JOYERIA ESMERALDA LLC,2831 EMBASSY ROW APT 907,INDIANAPOLIS,INDIANAPOLIS,IN,46224,USA,False,False,False,False
JOYERIA PANDORA LLC,3585 COMMERCIAL DR STE 100,INDIANAPOLIS,INDIANAPOLIS,IN,46222,USA,False,False,False,False
JOYERIA PANDORA LLC,,,,,,,False,False,False,False
JOYERIA REYNA LLC,548 N. BELMONT AVE,INDIANAPOLIS,INDIANAPOLIS,IN,46222,USA,False,False,False,False
Juan Antonio Construction LLC,3060 EAGLEDALE DR,INDIANAPOLIS,INDIANAPOLIS,IN,46222,USA,False,False,False,False
Juan Carlos Mejia Villalobos LLC,6535 CROSS KEY DR,INDIANAPOLIS,INDIANAPOLIS,IN,46268,USA,False,False,False,False
JUAN GARCIA DURAN LLC,6200 BROOKVILLE RD,"LOT 196, INDIANAPOLIS","LOT 196, INDIANAPOLIS",IN,46219,USA,False,False,False,False
Justo Rogelio Fuentes Morales LLC,4725 MADISON AVE,"40, INDIANAPOLIS","40, INDIANAPOLIS",IN,46225,USA,False,False,False,False
Kathy's Rides LLC,3002 W. 16TH ST APT A,INDIANAPOLIS,INDIANAPOLIS,IN,46222,USA,False,False,False,False
KEVIN ALONSO VARGAS LLC,4727 E 33 ST,INDIANAPOLIS,INDIANAPOLIS,IN,46218,USA,False,False,False,False
KONDOR HIGH PERFORMANCE LLC,2045 E MINNESOTA ST,INDIANAPOLIS,INDIANAPOLIS,IN,46203,USA,False,False,False,False
L&C FLOORING LLC,420 S LYNHURST DR,INDIANAPOLIS,INDIANAPOLIS,IN,46241,USA,False,False,False,False
LA BOUTIQUE DE LAS JOYAS LLC,,,,,,,False,False,False,False
La Burbuja LLC,3585 COMMERCIAL DR,"STE 830, INDIANAPOLIS","STE 830, INDIANAPOLIS",IN,46222,USA,False,False,False,False
"LA FIESTA BURRITO LLC,",2122 VETERANS MEMORIAL PKWY S. SUITE B,LAFAYETTE,LAFAYETTE,IN,47909,USA,False,False,False,False
LA FORTALEZA LLC,3585 COMMERCIAL DRIVE STE 404,INDIANAPOLIS,INDIANAPOLIS,IN,46222,USA,False,False,False,False
LA MIXTECA RESTAURANT INC,1802 GODER DR,FRANKFORT,FRANKFORT,IN,46041,USA,False,False,False,False
LALOS CLEANING PRODUCTS LLC,,,,,,,False,False,False,False
LARA LOPEZ LLC,2021 N DEARBORN ST ,INDIANAPOLIS,INDIANAPOLIS,IN,46218,USA,False,False,False,False
LeMonique Beauty Salon LLC,2112 FAIR OAKS DR APT B,INDIANAPOLIS,INDIANAPOLIS,IN,46224,USA,False,False,False,False
LEOPOLDO E LIZARDO LLC,3530 MISSION DR ,INDIANAPOLIS,INDIANAPOLIS,IN,46224,USA,False,False,False,False
Libeth Lopez Miranda LLC,3411 ASHLEY LANE APT A,INDIANAPOLIS,INDIANAPOLIS,IN,46224,USA,False,False,False,False
LMW Painting LLC,2902 DONNA BELL DR,INDIANAPOLIS,INDIANAPOLIS,IN,46241,USA,False,False,False,False
LORENA L LAZO MENDEZ LLC,6416 WHITEHAVEN RD APT 1130,INDIANAPOLIS,INDIANAPOLIS,IN,46254,USA,False,False,False,False
Los Sabores de Andrea LLC,3140 CHRYSLER ST,INDIANAPOLIS,INDIANAPOLIS,IN,46224,USA,False,False,False,False
Luis Nicolas Felipe LLC,1040 KATHERINE CT,"3, SEYMOUR","3, SEYMOUR",IN,47274,USA,False,False,False,False
"M & V INDY PHONE REPAIR, LLC",3585 COMMERCIAL DR ,"# 233, INDIANAPOLIS","# 233, INDIANAPOLIS",IN,46222,USA,False,False,False,False
Mabel Alvarez Rivera LLC,3448 W. 10TH ST.,INDIANAPOLIS,INDIANAPOLIS,IN,46222,USA,False,False,False,False
MALAGON'S LLC,3968 S. 1300 E,MACY,MACY,IN,46951,USA,False,False,False,False
MALDONADO LLC,1314 N GRANT AVE.,INDIANAPOLIS,INDIANAPOLIS,IN,46201,USA,False,False,False,False
Manuel Lopez Gonzalez LLC,2850 EMBASSY ROW,INDIANAPOLIS,INDIANAPOLIS,IN,46224,USA,False,False,False,False
MARIA A GONZALES LLC,60 PORT O CALL DR APT C,INDIANAPOLIS,INDIANAPOLIS,IN,46224,USA,False,False,False,False
MARIA SALGUERO SANTOS-MEJIA LLC,5316 W 36TH ST.,INDIANAPOLIS,INDIANAPOLIS,IN,46224,USA,False,False,False,False
MARILYN LLC,5640 W 38TH ST,"6, INDIANAPOLIS","6, INDIANAPOLIS",IN,46254,USA,False,False,False,False
MARIN ENTERPRISE LLC,,,,,,,False,False,False,False
MARIO GUZMAN-PECINA LLC,9133 BREEN CT,INDIANAPOLIS,INDIANAPOLIS,IN,46235,USA,False,False,False,False
Maritza Areli Guevara Abarca LLC,945 KETCHAM ST.,INDIANAPOLIS,INDIANAPOLIS,IN,46222,USA,False,False,False,False
Martir Figueroa LLC,921 W 1ST ST ,ANDERSON,ANDERSON,IN,46016,USA,False,False,False,False
Marval's LLC,2725 EMBASSY ROW 423,INDIANAPOLIS,INDIANAPOLIS,IN,46224,USA,False,False,False,False
MARVIN A PINEDA LLC,5030 ELLIOT AVE,INDIANAPOLIS,INDIANAPOLIS,IN,46222,USA,False,False,False,False
Mechanic Auto Motors LLC,17367 CAYUGA DR,WESTFIELD,WESTFIELD,IN,46074,USA,False,False,False,False
MEGA BALEADAS INDY LLC,,,,,,,False,False,False,False
Mendez Butterflies LLC,7208 KINGSWOOD CT,"208, INDIANAPOLIS","208, INDIANAPOLIS",IN,46256,USA,False,False,False,False
Mendozaa LLC,8 BINGHAM COURT,INDIANAPOLIS,INDIANAPOLIS,IN,46222,USA,False,False,False,False
MERARYS BOUTIQUE LLC,,,,,,,False,False,False,False
Milton A Garcia Salguero LLC,3541 N GLADSTONE AVE,INDIANAPOLIS,INDIANAPOLIS,IN,46218,USA,False,False,False,False
MK JESSIE LLC,903 1/2 S AUBURN ST,INDIANAPOLIS,INDIANAPOLIS,IN,46241,USA,False,False,False,False
Molina Holdings LLC,3876 AMARANTH CT.,INDIANAPOLIS,INDIANAPOLIS,IN,46254,USA,False,False,False,False
Montana Construction LLC,6336 AUTUM VALLEY TRACE,UTICA,UTICA,KY,42376,USA,False,False,False,False
MORALES BROTHERS ROOFING LLC,2337 N CATHERWOOD AVE,INDIANAPOLIS,INDIANAPOLIS,IN,46219,USA,False,False,False,False
MORALES ROOFING L.L.C.,5410 NURGESS AVE,INDIANAPOLIS,INDIANAPOLIS,IN,46219,USA,False,False,False,False
MORELAND SERVICES LLC,5391 LONGWOODS CT.,INDIANAPOLIS,INDIANAPOLIS,IN,46254,USA,False,False,False,False
MUEBLERIA DULCE HOGAR LLC,,,,,,,False,False,False,False
MV COMPUTER GMZ LLC,,,,,,,False,False,False,False
MV INDY PHONE REPAIR GMZ LLC,1225 S. HIGH SCHOOL RD SPC. 50,INDIANAPOLIS,INDIANAPOLIS,IN,46241,USA,False,False,False,False
MY ANIME COLLECTION 317 LLC,,,,,,,False,False,False,False
"N & M Cleaning Services, LLC",1532 SHEPARD ST.,INDIANAPOLIS,INDIANAPOLIS,IN,46221,USA,False,False,False,False
NARCISO JAVIER VELASQUEZ LLC,1936 W VERMONT ST.,INDIANAPOLIS,INDIANAPOLIS,IN,46222,USA,False,False,False,False
NATHAN'S INSTALLATION LLC,1433 N MOUNT ST.,INDIANAPOLIS,INDIANAPOLIS,IN,46222,USA,False,False,False,False
"New Beginnings Painting, LLC",3114 KESWICK RD,INDIANAPOLIS,INDIANAPOLIS,IN,46222,USA,False,False,False,False
OBIDIO ENRIQUE ORELLANA PAJARES LLC,3144 VOIGT DR,INDIANAPOLIS,INDIANAPOLIS,IN,46224,USA,False,False,False,False
ORTIZ ELECTRONICOS LLC,,,,,,,False,False,False,False
Osman Josue Chacon LLC,921 W 1ST ST,ANDERSON,ANDERSON,IN,46016,USA,False,False,False,False
OX FASHION LLC,,,,,,,False,False,False,False
P & H PAINTING AND REMODELING LLC,4431 EAGLE CREEK PKWY,"206, INDIANAPOLIS","206, INDIANAPOLIS",IN,46254,USA,False,False,False,False
PALACIOS WATER SYSTEMS LLC,1530 LAWTON AVE,INDIANAPOLIS,INDIANAPOLIS,IN,46203,USA,False,False,False,False
PAMELA AND JESUS CLEANING SERVICES LLC,4256 PONZA CT,", INDIANAPOLIS",", INDIANAPOLIS",IN,46235,USA,False,False,False,False
PATRICIO DIAZ-LANDERO LLC,2153 BRAEBURN PKWY,INDIANAPOLIS,INDIANAPOLIS,IN,46219,USA,False,False,False,False
PEDRO XOCHITLA GATICA LLC,2177 WHITE AVE,INDIANAPOLIS,INDIANAPOLIS,IN,46202,USA,False,False,False,False
PONCE CONSTRUCTION LLC,3816 W 45TH TER,INDIANAPOLIS,INDIANAPOLIS,IN,46228,USA,False,False,False,False
PONCES JEWELRY LLC,2362 SHELBY ST,INDIANAPOLIS,INDIANAPOLIS,IN,46203,USA,False,False,False,False
PRO HERNANDEZ REMODELING LLC,4446 WEST 34TH ST,INDIANAPOLIS,INDIANAPOLIS,IN,46222,USA,False,False,False,False
Quantum Innova People Inc,4817 SHADOW POINTE DR,INDIANAPOLIS,INDIANAPOLIS,IN,46254,USA,False,False,False,False
QuantumHR LLP,7305 NANTUCKET COURT,"2C, INDIANAPOLIS","2C, INDIANAPOLIS",IN,46214,USA,False,False,False,False
Quinteros Venue LLC,3656 GREEN ASH CT,"303, INDIANAPOLIS","303, INDIANAPOLIS",IN,46222,USA,False,False,False,False
R M R REMODELING LLC,2934 S LOCKBURN ST,INDIANAPOLIS,INDIANAPOLIS,IN,46241,USA,False,False,False,False
RAPTORS HOME SERVICES LLC,340 N 19TH AVE,BEECH GROVE,BEECH GROVE,IN,46107,USA,False,False,False,False
Raul's Construction LLC,,,,,,,False,False,False,False
RAY'S CONSTRUCTION LLC,3137 MELBOURNE RD SOUTH DRIVE,INDIANAPOLIS,INDIANAPOLIS,IN,46228,USA,False,False,False,False
Rodriguez Tobar Auto Sales LLC,6337 STOCKPORT RD,"1270, INDIANAPOLIS","1270, INDIANAPOLIS",IN,46254,USA,False,False,False,False
ROLANDO JOSE ZELEDON BACA LLC,112 S INDIANA AVE,KOKOMO,KOKOMO,IN,46901,USA,False,False,False,False
Rony Alvarado Lopez LLC,4102 N VINEWOOD AVE,INDIANAPOLIS,INDIANAPOLIS,IN,46254,USA,False,False,False,False
"Rosa Roofing, LLC",5201 PATRICIA ST.,INDIANAPOLIS,INDIANAPOLIS,IN,46224,USA,False,False,False,False
ROSARIO CARRILLO-SALINAS LLC,,,,,,,False,False,False,False
SANDOVAL CONCRETE LLC,4946 ELAINE ST,INDIANAPOLIS,INDIANAPOLIS,IN,46224,USA,False,False,False,False
SANTIAGO ALONSO VARGAS LLC,7905 TIMBER RIDGE,"APT F, INDIANAPOLIS","APT F, INDIANAPOLIS",IN,46219,USA,False,False,False,False
SAYRA NOHEMI SEVILLA ANTUNEZ LLC,,,,,,,False,False,False,False
SCOOP FORCE LLC,,,,,,,False,False,False,False
SCOOTERS CHARGER LLC,768 CARLELY PL,INDIANAPOLIS,INDIANAPOLIS,IN,46201,USA,False,False,False,False
Sebastian Pascual Martin LLC,1041 KATHERINE CT,"APT 8, SEYMOUR","APT 8, SEYMOUR",IN,47274,USA,False,False,False,False
SERVICIOS RICE-VELASQUEZ TAX & MULTISERVICE LLC,3585 COMMERCIAL DRIVE,"730, INDIANAPOLIS","730, INDIANAPOLIS",IN,46222,USA,False,False,False,False
SILO'S ALTERATIONS AND LEATHER LLC,3840 N ILLINOIS STREET,INDIANAPOLIS,INDIANAPOLIS,IN,46208,USA,False,False,False,False
SIMILUAN LLC,3420 N RILEY AVE,INDIANAPOLIS,INDIANAPOLIS,IN,46218,USA,False,False,False,False
SOLIS CLEANING MANAGEMENT LLC,3640 SALEM ST,INDIANAPOLIS,INDIANAPOLIS,IN,46208,USA,False,False,False,False
"SRV CAPITAL HOLDINGS, INC.",4817 SHADOW POINTE DRIVE,INDIANAPOLIS,INDIANAPOLIS,IN,46254,USA,False,False,False,False
SRV Property Management LLC,4817 SHADOW POINTE DRIVE,INDIANAPOLIS,INDIANAPOLIS,IN,46254,USA,False,False,False,False
SUN-RAY FOUNDATION REPAIR LLC,2645 PRIEST DR,LAFAYETTE,LAFAYETTE,IN,47909,USA,False,False,False,False
SUPER MERCADO LA PLAZA CORPORATION,2108 VETERANS MEMORIAL PKWY S STE D,LAFAYETTE,LAFAYETTE,IN,47909,USA,False,False,False,False
SURILAND LLC,3585 COMMERCIAL DR,INDIANAPOLIS,INDIANAPOLIS,IN,46222,USA,False,False,False,False
TILE HEHE LLC,9635 E 10TH ST,INDIANAPOLIS,INDIANAPOLIS,IN,46229,USA,False,False,False,False
"TO INDY, WITH LOVE, LLC",3585 COMMERCIAL DRIVE,INDIANAPOLIS,INDIANAPOLIS,IN,46222,USA,False,False,False,False
TRANSCORP INC,,,,,,,False,False,False,False
Tres Masters Remodeling LLC,9905 SCOTT CT.,INDIANAPOLIS,INDIANAPOLIS,IN,46235,USA,False,False,False,False
Vega's Lawncare Landscaping LLC,10236 CUMBERLAND POINTE BLVD,NOBLESVILLE,NOBLESVILLE,IN,46060,USA,False,False,False,False
Veronica Elizabeth Rivera Herrera LLC,1338 NORTON AVE.,INDIANAPOLIS,INDIANAPOLIS,IN,46227,USA,False,False,False,False
VIDEO JUEGOS Y CURIOSIDADES LLC,3585 COMMERCIAL DR LOC 1015,INDIANAPOLIS,INDIANAPOLIS,IN,46222,USA,False,False,False,False
"VIDEOJUEGOS Y ASESORIOS, LLC",3585 COMMERCIAL DRIVE,"1016, INDIANAPOLIS","1016, INDIANAPOLIS",IN,46222,USA,False,False,False,False
VILLA AUTO SERVICE LLC,1336 GROFF AVE,INDIANAPOLIS,INDIANAPOLIS,IN,46222,USA,False,False,False,False
VS SHOP LLC,,,,,,,False,False,False,False
Wilington David Ortiz Chavarria LLC,2230 HERMITAGE WAY,"616, INDIANAPOLIS","616, INDIANAPOLIS",IN,46224,USA,False,False,False,False
WM TRANSPORT LLC,3450 MACARTHUR LANE,INDIANAPOLIS,INDIANAPOLIS,IN,46224,USA,False,False,False,False
WORLD CLASS CLEANING LLC,10852 LANTERN VIEW DRIVE,"APT 207, FISHERS","APT 207, FISHERS",IN,46038,USA,False,False,False,False
XOCHITL DE MARIA VAZQUEZ DE LA CRUZ LLC,233 W 29 ST,INDIANAPOLIS,INDIANAPOLIS,IN,46208,USA,False,False,False,False
ZEA CONSTRUCTION & PAINTING LLC,756 N TREMONT,INDIANAPOLIS,INDIANAPOLIS,IN,46222,USA,False,False,False,False
