Business Name,Address,Address Line 2,City,State,ZIP,Country,Entity Report Due,Entity Report Past Due,Pending Dissolution,Dissolved,date close
3 Guys Construction LLC,1343 N LASALLE ST.,INDIANAPOLIS,INDIANAPOLIS,IN,46201,USA,FALSE,FALSE,FALSE,FALSE,
360 PROPERTY SOLUTIONS LLC,7944 RIDGEGATE WEST DRIVE,INDIANAPOLIS,INDIANAPOLIS,IN,46268,USA,FALSE,FALSE,FALSE,FALSE,
503 TRANSPORT LLC,7439 HIGDON CT,INDIANAPOLIS,INDIANAPOLIS,IN,46214,USA,FALSE,FALSE,FALSE,FALSE,
800SEGURO LLC,7821 TANZA ROAD,"A, INDIANAPOLIS","A, INDIANAPOLIS",IN,46237,USA,FALSE,FALSE,FALSE,FALSE,
A & A HISPANIC MULTISERVICE LLC,3718 N MITTHOEFER RD,INDIANAPOLIS,INDIANAPOLIS,IN,46235,USA,FALSE,FALSE,FALSE,FALSE,
A PLUS REMODELING LLC,2151 WEBB ST,INDIANAPOLIS,INDIANAPOLIS,IN,46225,USA,FALSE,FALSE,FALSE,FALSE,
A RODRIGUEZ LLC,62 N PERSHING AVE,INDIANAPOLIS,INDIANAPOLIS,IN,46222,USA,FALSE,FALSE,FALSE,FALSE,
ADAN ESTUARDO LOPEZ PEREZ LLC,9715 CHIVALRY COURT,INDIANAPOLIS,INDIANAPOLIS,IN,46229,USA,FALSE,FALSE,FALSE,FALSE,
AE STAFFING & SOLUTIONS LLC,,,,,,,FALSE,FALSE,FALSE,FALSE,
AG & S PROFESSIONAL SERVICES LLC,4237 BARI COURT,INDIANAPOLIS,INDIANAPOLIS,IN,46235,USA,FALSE,FALSE,FALSE,FALSE,
Aguacates Alvarez LLC,170 DALE ST.,MITCHELL,MITCHELL,IN,47446,USA,FALSE,FALSE,FALSE,FALSE,
AIDE MANICA GOMEZ LLC,3585 COMMERCIAL DR LOT 710,INDIANAPOLIS,INDIANAPOLIS,IN,46222,USA,FALSE,FALSE,FALSE,FALSE,
Al S Auto Detail LLC,2850 E COUNTY ROAD 875 S,MOORESVILLE,MOORESVILLE,IN,46158,USA,FALSE,FALSE,FALSE,FALSE,
ALEJANDRO BARRAGAN GARCIA LLC,2067 EGRET CT,"C, INDIANAPOLIS","C, INDIANAPOLIS",IN,46260,USA,FALSE,FALSE,FALSE,FALSE,
ALFONSO RODRIGUEZ VALVERDE LLC,3137 MELBOURNE RD S DR.,INDIANAPOLIS,INDIANAPOLIS,IN,46228,USA,FALSE,FALSE,FALSE,FALSE,
ALFREDO SUAREZ NICOLAS LLC,4523 CALHOUN ST,INDIANAPOLIS,INDIANAPOLIS,IN,46203,USA,FALSE,FALSE,FALSE,FALSE,
ALL EVENT BANQUET LLC,,,,,,,FALSE,FALSE,FALSE,FALSE,
ANA E CLAVEL MOLINA LLC,1709 MILLER ST,INDIANAPOLIS,INDIANAPOLIS,IN,46221,USA,FALSE,FALSE,FALSE,FALSE,
ANAS BARBERSHOP LLC,1114 N KEALING AVE,INDIANAPOLIS,INDIANAPOLIS,IN,46201,USA,FALSE,FALSE,FALSE,FALSE,
Andersson Alexander Rivera Cruz LLC,7287 CHINOOK CIRCLE,"LOT 95, INDIANAPOLIS","LOT 95, INDIANAPOLIS",IN,46219,USA,FALSE,FALSE,FALSE,FALSE,
Angel Ramirez Alcocer LLC,5821 BYWOOD,"A, INDIANAPOLIS","A, INDIANAPOLIS",IN,46220,USA,FALSE,FALSE,FALSE,FALSE,
Antonio Pena Hernandez LLC,2109 KESSLER BLVD NORTH DR,INDIANAPOLIS,INDIANAPOLIS,IN,46222,USA,FALSE,FALSE,FALSE,FALSE,
Antonio Quinillo LLC,5216 BILL DR ,INDIANAPOLIS,INDIANAPOLIS,IN,46236,USA,FALSE,FALSE,FALSE,FALSE,
ARTREVE LLC,4817 SHADOW POINTE DRIVE,INDIANAPOLIS,INDIANAPOLIS,IN,46254,USA,FALSE,FALSE,FALSE,FALSE,
AZURE PALMS LLC,9555 INTERNATIONAL CIRCLE,INDIANAPOLIS,INDIANAPOLIS,IN,46268,USA,FALSE,FALSE,FALSE,FALSE,
BARAHONA TECHNICAL SERVICE LLC,5101 PLAINFIELD AVE,INDIANAPOLIS,INDIANAPOLIS,IN,46241,USA,FALSE,FALSE,FALSE,FALSE,
BELLISIMO D & A LLC,7480 MICHIGAN RD ,"STE C , INDIANAPOLIS","STE C , INDIANAPOLIS",IN,46268,USA,FALSE,FALSE,FALSE,FALSE,
Bernard G LLC,9353 BARCROFT DR APT C,INDIANAPOLIS,INDIANAPOLIS,IN,46240,USA,FALSE,FALSE,FALSE,FALSE,
BERNARDO HERNANDEZ CORONA LLC,3375 WATERGATE CT,INDIANAPOLIS,INDIANAPOLIS,IN,46224,USA,FALSE,FALSE,FALSE,FALSE,
BETTY BLUE HAIR LLC,3601 N GLEN ARM RD APT C,INDIANAPOLIS,INDIANAPOLIS,IN,46224,USA,FALSE,FALSE,FALSE,FALSE,
BLESS ME LLC,1134 N BELLEVIEW PL ,INDIANAPOLIS,INDIANAPOLIS,IN,46222,USA,FALSE,FALSE,FALSE,FALSE,
BOSS WINDOW TINTING LLC,7355 BIMINI LN,"APT D, INDIANAPOLIS","APT D, INDIANAPOLIS",IN,46214,USA,FALSE,FALSE,FALSE,FALSE,
BOXTOPIA WHOLESALE SUPPLIES LLC,,,,,,,FALSE,FALSE,FALSE,FALSE,
Brenda V Mendez Hernandez LLC,13500 N US HWY 31 LOT 82,EDINBURGH,EDINBURGH,IN,46124,USA,FALSE,FALSE,FALSE,FALSE,
"BROLY GAMES AND TOYS, LLC",3420 PATTON DR.,INDIANAPOLIS,INDIANAPOLIS,IN,46224,USA,FALSE,FALSE,FALSE,FALSE,
CANVAS MARKETING LLC,3585 COMMERCIAL DRIVE,INDIANAPOLIS,INDIANAPOLIS,IN,46222,USA,FALSE,FALSE,FALSE,FALSE,
Carlos Alberto Ortiz Andrade LLC,3548 DUKANE WAY,INDIANAPOLIS,INDIANAPOLIS,IN,46224,USA,FALSE,FALSE,FALSE,FALSE,
CARLOS DANIEL LLC,9364 RACQUET CLUB N DR APT B,INDIANAPOLIS,INDIANAPOLIS,IN,46260,USA,FALSE,FALSE,FALSE,FALSE,
CASTANEDA FLOORING LLC,5201 PATRICIA ST,INDIANAPOLIS,INDIANAPOLIS,IN,46224,USA,FALSE,FALSE,FALSE,FALSE,
Chiroy Enterprises HVAC LLC,1401 WADE ST,INDIANAPOLIS,INDIANAPOLIS,IN,46203,USA,FALSE,FALSE,FALSE,FALSE,
CIRINO ZAPATA LLC,403 HAUGH ST,INDIANAPOLIS,INDIANAPOLIS,IN,46222,USA,FALSE,FALSE,FALSE,FALSE,
CJ RICE & COMPANIES LLC,,,,,,,FALSE,FALSE,FALSE,FALSE,
Cleaning Services Gen LLC,4202 MAJESTIC LANE,"APT H, INDIANAPOLIS","APT H, INDIANAPOLIS",IN,46254,USA,FALSE,FALSE,FALSE,FALSE,
COCO BONGOS INDY LLC,,,,,,,FALSE,FALSE,FALSE,FALSE,
CollectToys LLC,3585 COMMERCIAL DRIVE,"616, INDIANAPOLIS","616, INDIANAPOLIS",IN,46222,USA,FALSE,FALSE,FALSE,FALSE,
Coranguez LLC,7921 N. ST RD 9 ,FORTVILLE,FORTVILLE,IN,46040,USA,FALSE,FALSE,FALSE,FALSE,
CR MASONRY LLC,2225 S MERIDIAN ST,INDIANAPOLIS,INDIANAPOLIS,IN,46225,USA,FALSE,FALSE,FALSE,FALSE,
CREATED BY JAYSON LLC,1939 W COIL ST.,INDIANAPOLIS,INDIANAPOLIS,IN,46260,USA,FALSE,FALSE,FALSE,FALSE,
Created by Jr Picos LLC,3516 ROUND ROCK CIRCLE,LAFAYETTE,LAFAYETTE,IN,47909,USA,FALSE,FALSE,FALSE,FALSE,
CRUZ COMPUTER REPAIR LLC,3409 WOODFRONT DR,INDIANAPOLIS,INDIANAPOLIS,IN,46222,USA,FALSE,FALSE,FALSE,FALSE,
D & G GROUP LLC,1671 E FORK DR ,BROWNSBURG,BROWNSBURG,IN,46112,USA,FALSE,FALSE,FALSE,FALSE,
D & G SUPREME GUTTERS LLC,7816 IVYDALE DRIVE ,"APT A, INDIANAPOLIS","APT A, INDIANAPOLIS",IN,46250,USA,FALSE,FALSE,FALSE,FALSE,
D ANGELES AUTO SERVICES LLC,1905 S 4TH ST,"STE B, LAFAYETTE","STE B, LAFAYETTE",IN,47905,USA,FALSE,FALSE,FALSE,FALSE,
DANIELS LANDSCAPING LLC,8919 ROY RD.,INDIANAPOLIS,INDIANAPOLIS,IN,46219,USA,FALSE,FALSE,FALSE,FALSE,
DAVID TECAXCO LLC,2709 COREY DR,INDIANAPOLIS,INDIANAPOLIS,IN,46227,USA,FALSE,FALSE,FALSE,FALSE,
DAVIDS TIRE SHOP LLC,,,,,,,FALSE,FALSE,FALSE,FALSE,
DAVIDS TIRE SHOP LLC,,,,,,,FALSE,FALSE,FALSE,FALSE,
DELREAL DEAL LIQUIDATORS LLC,3919 LAFAYETTE RD,"SUITE 244, INDIANAPOLIS","SUITE 244, INDIANAPOLIS",IN,46254,USA,FALSE,FALSE,FALSE,FALSE,
DIEGO DIAZ PEREZ LLC,349 S RURAL ST,INDIANAPOLIS,INDIANAPOLIS,IN,46201,USA,FALSE,FALSE,FALSE,FALSE,
DINORA C REYES LLC,3331 W 33RD PL,"D, INDIANAPOLIS","D, INDIANAPOLIS",IN,46222,USA,FALSE,FALSE,FALSE,FALSE,
DOMINGO MARQUIN-MENDOZA LLC,1929 HOWARD ST ,INDIANAPOLIS,INDIANAPOLIS,IN,46221,USA,FALSE,FALSE,FALSE,FALSE,
DULCEâ€™S AROMATHERAPY CO,3585 COMMERCIAL DR BOOTH #633,INDIANAPOLIS,INDIANAPOLIS,IN,46222,USA,FALSE,FALSE,FALSE,FALSE,
"DULCE'S AROMATHERAPY & PRODUCTS, LLC",3585 COMMERCIAL DRIVE STE 830,INDIANAPOLIS,INDIANAPOLIS,IN,46222,USA,FALSE,FALSE,FALSE,FALSE,
DUVIS REMODELING LLC,8821 BEL AIR DR,INDIANAPOLIS,INDIANAPOLIS,IN,46226,USA,FALSE,FALSE,FALSE,FALSE,
E & D FRAMING LLC,1335 E 96TH ST,INDIANAPOLIS,INDIANAPOLIS,IN,46240,USA,FALSE,FALSE,FALSE,FALSE,
E & M FINANCIAL SERVICES LLC,7067 N MICHIGAN RD ,INDIANAPOLIS,INDIANAPOLIS,IN,46268,USA,FALSE,FALSE,FALSE,FALSE,
EDI SANOTS CARRANZA SANCHEZ LLC,7076 PORTLAND SQ,INDIANAPOLIS,INDIANAPOLIS,IN,46260,USA,FALSE,FALSE,FALSE,FALSE,
EDSON YAHIR BOGARIN DE LA CRUZ LLC,3226 FALCON DR,INDIANAPOLIS,INDIANAPOLIS,IN,46222,USA,FALSE,FALSE,FALSE,FALSE,
EDWIN GALIDNO LLC,5030 ELLIOTT AVE.,INDIANAPOLIS,INDIANAPOLIS,IN,46201,USA,FALSE,FALSE,FALSE,FALSE,
EICG LLC,8013 STONEHINGE CT N,"APT 182, INDIANAPOLIS","APT 182, INDIANAPOLIS",IN,46260,USA,FALSE,FALSE,FALSE,FALSE,
El Amigo Chapin LLC,315 MILL STREET,SEYMOUR,SEYMOUR,IN,47274,USA,FALSE,FALSE,FALSE,FALSE,
EL KIOSCO LLC,3585 COMMERCIAL DR,INDIANAPOLIS,INDIANAPOLIS,IN,46222,USA,FALSE,FALSE,FALSE,FALSE,
ELECTRONICOS NACHITO LLC,,,,,,,FALSE,FALSE,FALSE,FALSE,
ELECTRONICOS ORTIZ LLC,1411 ENGLISH AVE,", INDIANAPOLIS",", INDIANAPOLIS",IN,46201,USA,FALSE,FALSE,FALSE,FALSE,
ELLI STUDIO LLC,3241 MILAN ST.,INDIANAPOLIS,INDIANAPOLIS,IN,46222,USA,FALSE,FALSE,FALSE,FALSE,
ESMERALDA LISSETTE GUERRA RODRIGUEZ LLC,3654 N GLEN ARM RD,"D, INDIANAPOLIS","D, INDIANAPOLIS",IN,46224,USA,FALSE,FALSE,FALSE,FALSE,
Espana Construction LLC,3238 NORWICH LANE,INDIANAPOLIS,INDIANAPOLIS,IN,46224,USA,FALSE,FALSE,FALSE,FALSE,
ESTATE REAL CORP,13497 ALLEGIANCE DR.,FISHERS,FISHERS,IN,46037,USA,FALSE,FALSE,FALSE,FALSE,
EVELYN YESENIA LLC,1015 WALDEMERE AVE. ,INDIANAPOLIS,INDIANAPOLIS,IN,46241,USA,FALSE,FALSE,FALSE,FALSE,
FASHION FLIP LLC,,,,,,,FALSE,FALSE,FALSE,FALSE,
FELICITAS HERNANDEZ LLC,4446 W. 34TH ST,INDIANAPOLIS,INDIANAPOLIS,IN,46222,USA,FALSE,FALSE,FALSE,FALSE,
FELIPE D VELIZ TURCIOS LLC,9328 RACQUETBALL DR APT C ,INDIANAPOLIS,INDIANAPOLIS,IN,46260,USA,FALSE,FALSE,FALSE,FALSE,
FELIX EL BARATILLO LLC,,,,,,,FALSE,FALSE,FALSE,FALSE,
FELIX GONZALEZ ORTIZ LLC,950 N TREMONT ST,INDIANAPOLIS,INDIANAPOLIS,IN,46222,USA,FALSE,FALSE,FALSE,FALSE,
FPS LLP,,,,,,,FALSE,FALSE,FALSE,FALSE,
Francisco Garcia Fonseca LLC,611 GARDEN ST,"TRLR #15, COLUMBUS","TRLR #15, COLUMBUS",IN,47201,USA,FALSE,FALSE,FALSE,FALSE,
FRANSAN DETAILING LLC,,,,,,,FALSE,FALSE,FALSE,FALSE,
G&R CARPENTER LLC,253 NORTH VAN BURAN ST.,FRANKFORT,FRANKFORT,IN,46041,USA,FALSE,FALSE,FALSE,FALSE,
Gabriel Trujillo Tamariz LLC,611 GARDEN ST,"11, COLUMBUS","11, COLUMBUS",IN,47201,USA,FALSE,FALSE,FALSE,FALSE,
GAMA'S ROOFING & REMODELING LLC,732 JEWELL ST ,COLUMBUS ,COLUMBUS ,IN,47220,USA,FALSE,FALSE,FALSE,FALSE,
Garcia Cleaning Services LLC,3585 COMMERCIAL DRIVE,"730, INDIANAPOLIS","730, INDIANAPOLIS",IN,46222,USA,FALSE,FALSE,FALSE,FALSE,
GARCIA PAINTING PRO LLC,2635 SHIRLEY DR,INDIANAPOLIS,INDIANAPOLIS,IN,46222,USA,FALSE,FALSE,FALSE,FALSE,
GENERAL CONSTRUCTION GROUP LLC,768 CARLYLE PL,INDIANAPOLIS,INDIANAPOLIS,IN,46201,USA,FALSE,FALSE,FALSE,FALSE,
GENERAL REMODELING BARAJAS LLC,2504 BROOKSIDE AVE,INDIANAPOLIS,INDIANAPOLIS,IN,46218,USA,FALSE,FALSE,FALSE,FALSE,
GENERAL.CONSTRUCTION GROUP LLC,768 CARLYLE PL,INDIANAPOLIS,INDIANAPOLIS,IN,46201,USA,FALSE,FALSE,FALSE,FALSE,
GLADIOLA LLC,2409 RALEIGH BLVD,SHELBYVILLE,SHELBYVILLE,IN,46176,USA,FALSE,FALSE,FALSE,FALSE,
Glamour Touch LLC,8517 SANSA ST.,CAMBY,CAMBY,IN,46113,USA,FALSE,FALSE,FALSE,FALSE,
Golosinas La Jarocha LLC,2767 S DELAWARE ST,INDIANAPOLIS,INDIANAPOLIS,IN,46225,USA,FALSE,FALSE,FALSE,FALSE,
H&M Solutions LLC,4323 MAJESTIC LN,"K, INDIANAPOLIS","K, INDIANAPOLIS",IN,46254,USA,FALSE,FALSE,FALSE,FALSE,
HERUVIEL MORALES LLC,3246 WELLER DR,INDIANAPOLIS,INDIANAPOLIS,IN,46268,USA,FALSE,FALSE,FALSE,FALSE,
IDM MEDIA GROUP LTD.,3585 COMMERCIAL DRIVE,INDIANAPOLIS,INDIANAPOLIS,IN,46222,USA,FALSE,FALSE,FALSE,FALSE,
IFIX REPAIR CENTER & VAPE SHOP LLC,,,,,,,FALSE,FALSE,FALSE,FALSE,
IK Roofing LLC,3149 N FULLER DRIVE,INDIANAPOLIS,INDIANAPOLIS,IN,46224,USA,FALSE,FALSE,FALSE,FALSE,
ILCM PAINTING CLEANING & REMODELING LLC,3320 W 33RD ST,"B, INDIANAPOLIS","B, INDIANAPOLIS",IN,46222,USA,FALSE,FALSE,FALSE,FALSE,
Indy Commercial Roofing LLC,3585 COMMERCIAL DRIVE,INDIANAPOLIS,INDIANAPOLIS,IN,46222,USA,FALSE,FALSE,FALSE,FALSE,
INDY FUDS LLC,,,,,,,FALSE,FALSE,FALSE,FALSE,
INDY TAPING AND DRYWALL LLC,519 N MORELAND AVE,INDIANAPOLIS,INDIANAPOLIS,IN,46222,USA,FALSE,FALSE,FALSE,FALSE,
Innova Floors LLC,5855 SAN CLEMENTE LN,INDIANAPOLIS,INDIANAPOLIS,IN,46226,USA,FALSE,FALSE,FALSE,FALSE,
INNOVA HIRE LLC,7305 NANTUCKET COURT,"2C, INDIANAPOLIS","2C, INDIANAPOLIS",IN,46214,USA,FALSE,FALSE,FALSE,FALSE,
INNOVAFLOW SOLUTIONS LLC,119 S WESTERN AVE,"UNIT 1, CHICAGO","UNIT 1, CHICAGO",IL,60612,USA,FALSE,FALSE,FALSE,FALSE,
ISABEL S AVILA LLC,4235 CARSON LN,INDIANAPOLIS,INDIANAPOLIS,IN,46227,USA,FALSE,FALSE,FALSE,FALSE,
"Isael Construction, LLC",2924 SOUTH FLEMING ST,INDIANAPOLIS,INDIANAPOLIS,IN,46241,USA,FALSE,FALSE,FALSE,FALSE,
Isaura Construction LLC,2067 EGRET CT APT C ,INDIANAPOLIS,INDIANAPOLIS,IN,46260,USA,FALSE,FALSE,FALSE,FALSE,
IVIS HUMBERTO MEJIA AGUILAR LLC,5217 WOODBROOK DR,"D, INDIANAPOLIS","D, INDIANAPOLIS",IN,46254,USA,FALSE,FALSE,FALSE,FALSE,
J & R TORRES CONSTRUCTION LLC,3049 BEELER AVE,INDIANAPOLIS,INDIANAPOLIS,IN,46224,USA,FALSE,FALSE,FALSE,FALSE,
JAENSOMAR HANDYMAN LLC,1205 ARCHWAY DRIVE,LAFAYETTE,LAFAYETTE,IN,47909,USA,FALSE,FALSE,FALSE,FALSE,
JAUREGUI BARAJAS BRAULIO LLC,3466 GEORGETOWN RD,INDIANAPOLIS,INDIANAPOLIS,IN,46224,USA,FALSE,FALSE,FALSE,FALSE,
Javier A Ocon Siles LLC,5308 W 22 ST,"B, INDIANAPOLIS","B, INDIANAPOLIS",IN,46224,USA,FALSE,FALSE,FALSE,FALSE,
Javier Jimenez Onofre LLC,2441 S RYBOLT AVE,INDIANAPOLIS,INDIANAPOLIS,IN,46241,USA,FALSE,FALSE,FALSE,FALSE,
JAZMIN FASHION LLC,3585 COMMERCIAL DR,"BOOTH 827, INDIANAPOLIS","BOOTH 827, INDIANAPOLIS",IN,46222,USA,FALSE,FALSE,FALSE,FALSE,
JB Construction LLP,1335 E 96TH ST.,INDIANAPOLIS,INDIANAPOLIS,IN,46240,USA,FALSE,FALSE,FALSE,FALSE,
JCM REMODELING LLC,3432 ELLEN DR.,INDIANAPOLIS,INDIANAPOLIS,IN,46224,USA,FALSE,FALSE,FALSE,FALSE,
JESSI'S ACCESORIES LLC,2725 FALCON DR,INDIANAPOLIS,INDIANAPOLIS,IN,46222,USA,FALSE,FALSE,FALSE,FALSE,
JMC CONTRACTORS LLC,5410 BURGESS AVE.,INDIANAPOLIS,INDIANAPOLIS,IN,46219,USA,FALSE,FALSE,FALSE,FALSE,
JMG PAINTING AND CONSTRUCTION LLC,5323 W 53RD ST,INDIANAPOLIS,INDIANAPOLIS,IN,46254,USA,FALSE,FALSE,FALSE,FALSE,
JORGE OSORINIO LLC,4458 ARISTOCRAT LN,INDIANAPOLIS,INDIANAPOLIS,IN,46235,USA,FALSE,FALSE,FALSE,FALSE,
Jose Bernabe Badillo Fuentes LLC,4725 W 52ND ST.,INDIANAPOLIS,INDIANAPOLIS,IN,46254,USA,FALSE,FALSE,FALSE,FALSE,
Jose Luis Reyes Salazar LLC,9998 DIANE WEST DR,COLUMBUS,COLUMBUS,IN,47201,USA,FALSE,FALSE,FALSE,FALSE,
JOSE LUIS REYES SALZAR LLC,2220 TYLER DR,COLUMBUS,COLUMBUS,IN,47201,USA,FALSE,FALSE,FALSE,FALSE,
Jose Mateo Miguel Baltazar LLC,1335 E 96TH ST,INDIANAPOLIS,INDIANAPOLIS,IN,46240,USA,FALSE,FALSE,FALSE,FALSE,
JOSEFA HERNANDEZ VERA LLC,1306 W WALNUT ST,WASHINGTON,WASHINGTON,IN,47501,USA,FALSE,FALSE,FALSE,FALSE,
JOYERIA ESMERALDA LLC,2831 EMBASSY ROW APT 907,INDIANAPOLIS,INDIANAPOLIS,IN,46224,USA,FALSE,FALSE,FALSE,FALSE,
JOYERIA PANDORA LLC,3585 COMMERCIAL DR STE 100,INDIANAPOLIS,INDIANAPOLIS,IN,46222,USA,FALSE,FALSE,FALSE,FALSE,
JOYERIA PANDORA LLC,,,,,,,FALSE,FALSE,FALSE,FALSE,
JOYERIA REYNA LLC,548 N. BELMONT AVE,INDIANAPOLIS,INDIANAPOLIS,IN,46222,USA,FALSE,FALSE,FALSE,FALSE,
Juan Antonio Construction LLC,3060 EAGLEDALE DR,INDIANAPOLIS,INDIANAPOLIS,IN,46222,USA,FALSE,FALSE,FALSE,FALSE,
Juan Carlos Mejia Villalobos LLC,6535 CROSS KEY DR,INDIANAPOLIS,INDIANAPOLIS,IN,46268,USA,FALSE,FALSE,FALSE,FALSE,
JUAN GARCIA DURAN LLC,6200 BROOKVILLE RD,"LOT 196, INDIANAPOLIS","LOT 196, INDIANAPOLIS",IN,46219,USA,FALSE,FALSE,FALSE,FALSE,
Justo Rogelio Fuentes Morales LLC,4725 MADISON AVE,"40, INDIANAPOLIS","40, INDIANAPOLIS",IN,46225,USA,FALSE,FALSE,FALSE,FALSE,
Kathy's Rides LLC,3002 W. 16TH ST APT A,INDIANAPOLIS,INDIANAPOLIS,IN,46222,USA,FALSE,FALSE,FALSE,FALSE,
KEVIN ALONSO VARGAS LLC,4727 E 33 ST,INDIANAPOLIS,INDIANAPOLIS,IN,46218,USA,FALSE,FALSE,FALSE,FALSE,
KONDOR HIGH PERFORMANCE LLC,2045 E MINNESOTA ST,INDIANAPOLIS,INDIANAPOLIS,IN,46203,USA,FALSE,FALSE,FALSE,FALSE,
L&C FLOORING LLC,420 S LYNHURST DR,INDIANAPOLIS,INDIANAPOLIS,IN,46241,USA,FALSE,FALSE,FALSE,FALSE,
LA BOUTIQUE DE LAS JOYAS LLC,,,,,,,FALSE,FALSE,FALSE,FALSE,
La Burbuja LLC,3585 COMMERCIAL DR,"STE 830, INDIANAPOLIS","STE 830, INDIANAPOLIS",IN,46222,USA,FALSE,FALSE,FALSE,FALSE,
"LA FIESTA BURRITO LLC,",2122 VETERANS MEMORIAL PKWY S. SUITE B,LAFAYETTE,LAFAYETTE,IN,47909,USA,FALSE,FALSE,FALSE,FALSE,
LA FORTALEZA LLC,3585 COMMERCIAL DRIVE STE 404,INDIANAPOLIS,INDIANAPOLIS,IN,46222,USA,FALSE,FALSE,FALSE,FALSE,
LA MIXTECA RESTAURANT INC,1802 GODER DR,FRANKFORT,FRANKFORT,IN,46041,USA,FALSE,FALSE,FALSE,FALSE,
LALOS CLEANING PRODUCTS LLC,,,,,,,FALSE,FALSE,FALSE,FALSE,
LARA LOPEZ LLC,2021 N DEARBORN ST ,INDIANAPOLIS,INDIANAPOLIS,IN,46218,USA,FALSE,FALSE,FALSE,FALSE,
LeMonique Beauty Salon LLC,2112 FAIR OAKS DR APT B,INDIANAPOLIS,INDIANAPOLIS,IN,46224,USA,FALSE,FALSE,FALSE,FALSE,
LEOPOLDO E LIZARDO LLC,3530 MISSION DR ,INDIANAPOLIS,INDIANAPOLIS,IN,46224,USA,FALSE,FALSE,FALSE,FALSE,
Libeth Lopez Miranda LLC,3411 ASHLEY LANE APT A,INDIANAPOLIS,INDIANAPOLIS,IN,46224,USA,FALSE,FALSE,FALSE,FALSE,
LMW Painting LLC,2902 DONNA BELL DR,INDIANAPOLIS,INDIANAPOLIS,IN,46241,USA,FALSE,FALSE,FALSE,FALSE,
LORENA L LAZO MENDEZ LLC,6416 WHITEHAVEN RD APT 1130,INDIANAPOLIS,INDIANAPOLIS,IN,46254,USA,FALSE,FALSE,FALSE,FALSE,
Los Sabores de Andrea LLC,3140 CHRYSLER ST,INDIANAPOLIS,INDIANAPOLIS,IN,46224,USA,FALSE,FALSE,FALSE,FALSE,
Luis Nicolas Felipe LLC,1040 KATHERINE CT,"3, SEYMOUR","3, SEYMOUR",IN,47274,USA,FALSE,FALSE,FALSE,FALSE,
"M & V INDY PHONE REPAIR, LLC",3585 COMMERCIAL DR ,"# 233, INDIANAPOLIS","# 233, INDIANAPOLIS",IN,46222,USA,FALSE,FALSE,FALSE,FALSE,
Mabel Alvarez Rivera LLC,3448 W. 10TH ST.,INDIANAPOLIS,INDIANAPOLIS,IN,46222,USA,FALSE,FALSE,FALSE,FALSE,
MALAGON'S LLC,3968 S. 1300 E,MACY,MACY,IN,46951,USA,FALSE,FALSE,FALSE,FALSE,
MALDONADO LLC,1314 N GRANT AVE.,INDIANAPOLIS,INDIANAPOLIS,IN,46201,USA,FALSE,FALSE,FALSE,FALSE,
Manuel Lopez Gonzalez LLC,2850 EMBASSY ROW,INDIANAPOLIS,INDIANAPOLIS,IN,46224,USA,FALSE,FALSE,FALSE,FALSE,
MARIA A GONZALES LLC,60 PORT O CALL DR APT C,INDIANAPOLIS,INDIANAPOLIS,IN,46224,USA,FALSE,FALSE,FALSE,FALSE,
MARIA SALGUERO SANTOS-MEJIA LLC,5316 W 36TH ST.,INDIANAPOLIS,INDIANAPOLIS,IN,46224,USA,FALSE,FALSE,FALSE,FALSE,
MARILYN LLC,5640 W 38TH ST,"6, INDIANAPOLIS","6, INDIANAPOLIS",IN,46254,USA,FALSE,FALSE,FALSE,FALSE,
MARIN ENTERPRISE LLC,,,,,,,FALSE,FALSE,FALSE,FALSE,
MARIO GUZMAN-PECINA LLC,9133 BREEN CT,INDIANAPOLIS,INDIANAPOLIS,IN,46235,USA,FALSE,FALSE,FALSE,FALSE,
Maritza Areli Guevara Abarca LLC,945 KETCHAM ST.,INDIANAPOLIS,INDIANAPOLIS,IN,46222,USA,FALSE,FALSE,FALSE,FALSE,
Martir Figueroa LLC,921 W 1ST ST ,ANDERSON,ANDERSON,IN,46016,USA,FALSE,FALSE,FALSE,FALSE,
Marval's LLC,2725 EMBASSY ROW 423,INDIANAPOLIS,INDIANAPOLIS,IN,46224,USA,FALSE,FALSE,FALSE,FALSE,
MARVIN A PINEDA LLC,5030 ELLIOT AVE,INDIANAPOLIS,INDIANAPOLIS,IN,46222,USA,FALSE,FALSE,FALSE,FALSE,
Mechanic Auto Motors LLC,17367 CAYUGA DR,WESTFIELD,WESTFIELD,IN,46074,USA,FALSE,FALSE,FALSE,FALSE,
MEGA BALEADAS INDY LLC,,,,,,,FALSE,FALSE,FALSE,FALSE,
Mendez Butterflies LLC,7208 KINGSWOOD CT,"208, INDIANAPOLIS","208, INDIANAPOLIS",IN,46256,USA,FALSE,FALSE,FALSE,FALSE,
Mendozaa LLC,8 BINGHAM COURT,INDIANAPOLIS,INDIANAPOLIS,IN,46222,USA,FALSE,FALSE,FALSE,FALSE,
MERARYS BOUTIQUE LLC,,,,,,,FALSE,FALSE,FALSE,FALSE,
Milton A Garcia Salguero LLC,3541 N GLADSTONE AVE,INDIANAPOLIS,INDIANAPOLIS,IN,46218,USA,FALSE,FALSE,FALSE,FALSE,
MK JESSIE LLC,903 1/2 S AUBURN ST,INDIANAPOLIS,INDIANAPOLIS,IN,46241,USA,FALSE,FALSE,FALSE,FALSE,
Molina Holdings LLC,3876 AMARANTH CT.,INDIANAPOLIS,INDIANAPOLIS,IN,46254,USA,FALSE,FALSE,FALSE,FALSE,
Montana Construction LLC,6336 AUTUM VALLEY TRACE,UTICA,UTICA,KY,42376,USA,FALSE,FALSE,FALSE,FALSE,
MORALES BROTHERS ROOFING LLC,2337 N CATHERWOOD AVE,INDIANAPOLIS,INDIANAPOLIS,IN,46219,USA,FALSE,FALSE,FALSE,FALSE,
MORALES ROOFING L.L.C.,5410 NURGESS AVE,INDIANAPOLIS,INDIANAPOLIS,IN,46219,USA,FALSE,FALSE,FALSE,FALSE,
MORELAND SERVICES LLC,5391 LONGWOODS CT.,INDIANAPOLIS,INDIANAPOLIS,IN,46254,USA,FALSE,FALSE,FALSE,FALSE,
MUEBLERIA DULCE HOGAR LLC,,,,,,,FALSE,FALSE,FALSE,FALSE,
MV COMPUTER GMZ LLC,,,,,,,FALSE,FALSE,FALSE,FALSE,
MV INDY PHONE REPAIR GMZ LLC,1225 S. HIGH SCHOOL RD SPC. 50,INDIANAPOLIS,INDIANAPOLIS,IN,46241,USA,FALSE,FALSE,FALSE,FALSE,
MY ANIME COLLECTION 317 LLC,,,,,,,FALSE,FALSE,FALSE,FALSE,
"N & M Cleaning Services, LLC",1532 SHEPARD ST.,INDIANAPOLIS,INDIANAPOLIS,IN,46221,USA,FALSE,FALSE,FALSE,FALSE,
NARCISO JAVIER VELASQUEZ LLC,1936 W VERMONT ST.,INDIANAPOLIS,INDIANAPOLIS,IN,46222,USA,FALSE,FALSE,FALSE,FALSE,
NATHAN'S INSTALLATION LLC,1433 N MOUNT ST.,INDIANAPOLIS,INDIANAPOLIS,IN,46222,USA,FALSE,FALSE,FALSE,FALSE,
"New Beginnings Painting, LLC",3114 KESWICK RD,INDIANAPOLIS,INDIANAPOLIS,IN,46222,USA,FALSE,FALSE,FALSE,FALSE,
OBIDIO ENRIQUE ORELLANA PAJARES LLC,3144 VOIGT DR,INDIANAPOLIS,INDIANAPOLIS,IN,46224,USA,FALSE,FALSE,FALSE,FALSE,
ORTIZ ELECTRONICOS LLC,,,,,,,FALSE,FALSE,FALSE,FALSE,
Osman Josue Chacon LLC,921 W 1ST ST,ANDERSON,ANDERSON,IN,46016,USA,FALSE,FALSE,FALSE,FALSE,
OX FASHION LLC,,,,,,,FALSE,FALSE,FALSE,FALSE,
P & H PAINTING AND REMODELING LLC,4431 EAGLE CREEK PKWY,"206, INDIANAPOLIS","206, INDIANAPOLIS",IN,46254,USA,FALSE,FALSE,FALSE,FALSE,
PALACIOS WATER SYSTEMS LLC,1530 LAWTON AVE,INDIANAPOLIS,INDIANAPOLIS,IN,46203,USA,FALSE,FALSE,FALSE,FALSE,
PAMELA AND JESUS CLEANING SERVICES LLC,4256 PONZA CT,", INDIANAPOLIS",", INDIANAPOLIS",IN,46235,USA,FALSE,FALSE,FALSE,FALSE,
PATRICIO DIAZ-LANDERO LLC,2153 BRAEBURN PKWY,INDIANAPOLIS,INDIANAPOLIS,IN,46219,USA,FALSE,FALSE,FALSE,FALSE,
PEDRO XOCHITLA GATICA LLC,2177 WHITE AVE,INDIANAPOLIS,INDIANAPOLIS,IN,46202,USA,FALSE,FALSE,FALSE,FALSE,
PONCE CONSTRUCTION LLC,3816 W 45TH TER,INDIANAPOLIS,INDIANAPOLIS,IN,46228,USA,FALSE,FALSE,FALSE,FALSE,
PONCES JEWELRY LLC,2362 SHELBY ST,INDIANAPOLIS,INDIANAPOLIS,IN,46203,USA,FALSE,FALSE,FALSE,FALSE,
PRO HERNANDEZ REMODELING LLC,4446 WEST 34TH ST,INDIANAPOLIS,INDIANAPOLIS,IN,46222,USA,FALSE,FALSE,FALSE,FALSE,
Quantum Innova People Inc,4817 SHADOW POINTE DR,INDIANAPOLIS,INDIANAPOLIS,IN,46254,USA,FALSE,FALSE,FALSE,FALSE,
QuantumHR LLP,7305 NANTUCKET COURT,"2C, INDIANAPOLIS","2C, INDIANAPOLIS",IN,46214,USA,FALSE,FALSE,FALSE,FALSE,
Quinteros Venue LLC,3656 GREEN ASH CT,"303, INDIANAPOLIS","303, INDIANAPOLIS",IN,46222,USA,FALSE,FALSE,FALSE,FALSE,
R M R REMODELING LLC,2934 S LOCKBURN ST,INDIANAPOLIS,INDIANAPOLIS,IN,46241,USA,FALSE,FALSE,FALSE,FALSE,
RAPTORS HOME SERVICES LLC,340 N 19TH AVE,BEECH GROVE,BEECH GROVE,IN,46107,USA,FALSE,FALSE,FALSE,FALSE,
Raul's Construction LLC,,,,,,,FALSE,FALSE,FALSE,FALSE,
RAY'S CONSTRUCTION LLC,3137 MELBOURNE RD SOUTH DRIVE,INDIANAPOLIS,INDIANAPOLIS,IN,46228,USA,FALSE,FALSE,FALSE,FALSE,
Rodriguez Tobar Auto Sales LLC,6337 STOCKPORT RD,"1270, INDIANAPOLIS","1270, INDIANAPOLIS",IN,46254,USA,FALSE,FALSE,FALSE,FALSE,
ROLANDO JOSE ZELEDON BACA LLC,112 S INDIANA AVE,KOKOMO,KOKOMO,IN,46901,USA,FALSE,FALSE,FALSE,FALSE,
Rony Alvarado Lopez LLC,4102 N VINEWOOD AVE,INDIANAPOLIS,INDIANAPOLIS,IN,46254,USA,FALSE,FALSE,FALSE,FALSE,
"Rosa Roofing, LLC",5201 PATRICIA ST.,INDIANAPOLIS,INDIANAPOLIS,IN,46224,USA,FALSE,FALSE,FALSE,FALSE,
ROSARIO CARRILLO-SALINAS LLC,,,,,,,FALSE,FALSE,FALSE,FALSE,
SANDOVAL CONCRETE LLC,4946 ELAINE ST,INDIANAPOLIS,INDIANAPOLIS,IN,46224,USA,FALSE,FALSE,FALSE,FALSE,
SANTIAGO ALONSO VARGAS LLC,7905 TIMBER RIDGE,"APT F, INDIANAPOLIS","APT F, INDIANAPOLIS",IN,46219,USA,FALSE,FALSE,FALSE,FALSE,
SAYRA NOHEMI SEVILLA ANTUNEZ LLC,,,,,,,FALSE,FALSE,FALSE,FALSE,
SCOOP FORCE LLC,,,,,,,FALSE,FALSE,FALSE,FALSE,
SCOOTERS CHARGER LLC,768 CARLELY PL,INDIANAPOLIS,INDIANAPOLIS,IN,46201,USA,FALSE,FALSE,FALSE,FALSE,
Sebastian Pascual Martin LLC,1041 KATHERINE CT,"APT 8, SEYMOUR","APT 8, SEYMOUR",IN,47274,USA,FALSE,FALSE,FALSE,FALSE,
SERVICIOS RICE-VELASQUEZ TAX & MULTISERVICE LLC,3585 COMMERCIAL DRIVE,"730, INDIANAPOLIS","730, INDIANAPOLIS",IN,46222,USA,FALSE,FALSE,FALSE,FALSE,
SILO'S ALTERATIONS AND LEATHER LLC,3840 N ILLINOIS STREET,INDIANAPOLIS,INDIANAPOLIS,IN,46208,USA,FALSE,FALSE,FALSE,FALSE,
SIMILUAN LLC,3420 N RILEY AVE,INDIANAPOLIS,INDIANAPOLIS,IN,46218,USA,FALSE,FALSE,FALSE,FALSE,
SOLIS CLEANING MANAGEMENT LLC,3640 SALEM ST,INDIANAPOLIS,INDIANAPOLIS,IN,46208,USA,FALSE,FALSE,FALSE,FALSE,
"SRV CAPITAL HOLDINGS, INC.",4817 SHADOW POINTE DRIVE,INDIANAPOLIS,INDIANAPOLIS,IN,46254,USA,FALSE,FALSE,FALSE,FALSE,
SRV Property Management LLC,4817 SHADOW POINTE DRIVE,INDIANAPOLIS,INDIANAPOLIS,IN,46254,USA,FALSE,FALSE,FALSE,FALSE,
SUN-RAY FOUNDATION REPAIR LLC,2645 PRIEST DR,LAFAYETTE,LAFAYETTE,IN,47909,USA,FALSE,FALSE,FALSE,FALSE,
SUPER MERCADO LA PLAZA CORPORATION,2108 VETERANS MEMORIAL PKWY S STE D,LAFAYETTE,LAFAYETTE,IN,47909,USA,FALSE,FALSE,FALSE,FALSE,
SURILAND LLC,3585 COMMERCIAL DR,INDIANAPOLIS,INDIANAPOLIS,IN,46222,USA,FALSE,FALSE,FALSE,FALSE,
TILE HEHE LLC,9635 E 10TH ST,INDIANAPOLIS,INDIANAPOLIS,IN,46229,USA,FALSE,FALSE,FALSE,FALSE,
"TO INDY, WITH LOVE, LLC",3585 COMMERCIAL DRIVE,INDIANAPOLIS,INDIANAPOLIS,IN,46222,USA,FALSE,FALSE,FALSE,FALSE,
TRANSCORP INC,,,,,,,FALSE,FALSE,FALSE,FALSE,
Tres Masters Remodeling LLC,9905 SCOTT CT.,INDIANAPOLIS,INDIANAPOLIS,IN,46235,USA,FALSE,FALSE,FALSE,FALSE,
Vega's Lawncare Landscaping LLC,10236 CUMBERLAND POINTE BLVD,NOBLESVILLE,NOBLESVILLE,IN,46060,USA,FALSE,FALSE,FALSE,FALSE,
Veronica Elizabeth Rivera Herrera LLC,1338 NORTON AVE.,INDIANAPOLIS,INDIANAPOLIS,IN,46227,USA,FALSE,FALSE,FALSE,FALSE,
VIDEO JUEGOS Y CURIOSIDADES LLC,3585 COMMERCIAL DR LOC 1015,INDIANAPOLIS,INDIANAPOLIS,IN,46222,USA,FALSE,FALSE,FALSE,FALSE,
"VIDEOJUEGOS Y ASESORIOS, LLC",3585 COMMERCIAL DRIVE,"1016, INDIANAPOLIS","1016, INDIANAPOLIS",IN,46222,USA,FALSE,FALSE,FALSE,FALSE,
VILLA AUTO SERVICE LLC,1336 GROFF AVE,INDIANAPOLIS,INDIANAPOLIS,IN,46222,USA,FALSE,FALSE,FALSE,FALSE,
VS SHOP LLC,,,,,,,FALSE,FALSE,FALSE,FALSE,
Wilington David Ortiz Chavarria LLC,2230 HERMITAGE WAY,"616, INDIANAPOLIS","616, INDIANAPOLIS",IN,46224,USA,FALSE,FALSE,FALSE,FALSE,
WM TRANSPORT LLC,3450 MACARTHUR LANE,INDIANAPOLIS,INDIANAPOLIS,IN,46224,USA,FALSE,FALSE,FALSE,FALSE,
WORLD CLASS CLEANING LLC,10852 LANTERN VIEW DRIVE,"APT 207, FISHERS","APT 207, FISHERS",IN,46038,USA,FALSE,FALSE,FALSE,FALSE,
XOCHITL DE MARIA VAZQUEZ DE LA CRUZ LLC,233 W 29 ST,INDIANAPOLIS,INDIANAPOLIS,IN,46208,USA,FALSE,FALSE,FALSE,FALSE,
ZEA CONSTRUCTION & PAINTING LLC,756 N TREMONT,INDIANAPOLIS,INDIANAPOLIS,IN,46222,USA,FALSE,FALSE,FALSE,FALSE,