,BALANCE SHEET TEMPLATE,,,,,,,,,
,[ COMPANY NAME ],,,,,,BALANCE SHEET,,,
,"Complete non-shaded cells, only.  Formulas fill automatically. ",,,,,,,,,
,ASSETS,[YEAR],[YEAR],,LIABILITIES AND OWNER'S EQUITY,[YEAR],[YEAR],,,
,CURRENT ASSETS,,,,CURRENT LIABILITIES,,,,,
,Cash, $ -   , $ -   ,,Accounts Payable, $ -   , $ -   ,,,
,Accounts Receivable, $ -   , $ -   ,,Short-Term Loans, $ -   , $ -   ,,,
,Inventory, $ -   , $ -   ,,Income Taxes Payable, $ -   , $ -   ,,,
,Prepaid Expenses, $ -   , $ -   ,,Accrued Salaries and Wages, $ -   , $ -   ,,,
,Short-Term Investments, $ -   , $ -   ,,Unearned Revenue, $ -   , $ -   ,,,
,TOTAL CURRENT ASSETS, $ -   , $ -   ,,Current Portion of Long-Term Debt, $ -   , $ -   ,,,
,FIXED (LONG TERM) ASSETS,,,,TOTAL CURRENT LIABILITIES, $ -   , $ -   ,,,
,Long-Term Investments, $ -   , $ -   ,,LONG TERM LIABILITIES,,,,,
,Property / Equipment, $ -   , $ -   ,,Long-Term Debt, $ -   , $ -   ,,,
,(Less Accumulated Depreciation) insert negative amount, $ -   , $ -   ,,Deferred Income Tax, $ -   , $ -   ,,,
,Intangible Assets, $ -   , $ -   ,,Other, $ -   , $ -   ,,,
,TOTAL FIXED ASSETS, $ -   , $ -   ,,TOTAL LONG-TERM LIABILITIES, $ -   , $ -   ,,,
,OTHER ASSETS,,,,OWNER'S EQUITY,,,,,
,Deferred Income Tax, $ -   , $ -   ,,Owner's Investment, $ -   , $ -   ,,,
,Other, $ -   , $ -   ,,Retained Earnings, $ -   , $ -   ,,,
,TOTAL OTHER ASSETS, $ -   , $ -   ,,Other, $ -   , $ -   ,,,
,,,,,TOTAL OWNER'S EQUITY, $ -   , $ -   ,,,
,TOTAL ASSETS, $ -   , $ -   ,,,,,,,
,,,,,TOTAL LIABILITIES AND OWNER'S EQUITY, $ -   , $ -   ,,,
,COMMON FINANCIAL RATIO,[YEAR],[YEAR],,,,,,,
,"Debt Ratio 
Total Liabilities / Total Assets",,,,,,,,,
,"Current Ratio 
Current Assets / Current Liabilities",,,,,,,,,
,"Working Capital 
Current Assets - Current Liabilities", $ -   , $ -   ,,,,,,,
,"Assets-to-Equity Ratio 
Total Assets / Owner's Equity",,,,,,,,,
,"Debt-to-Equity Ratio 
Total Liabilities / Owner's Equity",,,,,,,,,
,,,,,, ,,,,
,CLICK HERE TO CREATE IN SMARTSHEET,,,,,,,,,
,,,,,,,,,,
,,,,,,,,,, 
,,,,,,,,,,
,,,,,,,,,,
,,,,,,,,,,
,,,,,,,,,,
,,,,,,,,,,
,,,,,,,,,,
,,,,,, ,,,,