Name,Service ID CRM,Description,Unit Rate,Unit Price,Minus Overhead .22,Commission Rate,Commision Amount,Service Duration (hours),Product Code caT,SubCategory,Entity,Product Type,Service Tags,Product Active,Parent item,Sub-item,A-a-Cart,Bundle Savings,Form,CRM Permalink
1. Business Formation and Compliance,,"Business Formation and Compliance: Your Gateway to Success!

- Seamless business setup process
- Ensure compliance with local regulations
- Expert guidance to navigate legal requirements
- Tailored solutions for your unique business needs

Start your entrepreneurial journey with confidence. Utilize our Business Formation and Compliance service today to lay a strong foundation for your business success!",Unit,$0.00 ,0,0.2,0,3,BIZ,Main,Indiana Secretary of State,Service,"Business Licensing, Entity Formation",Yes,,"Federal BOIR Filing Services (Federal%20BOIR%20Filing%20Services%20e8b04d23705c46748d22d80807a82c4f.csv), Business Dissolution Services (Business%20Dissolution%20Services%2095d867e9a48b4872b0cb71de963c9623.csv), Business Strategic Planning & Compliance (Business%20Strategic%20Planning%20&%20Compliance%205a124844f04046a69d6ea919bdec94de.csv), Indiana Business DBA/Fictitious Name Registration (Indiana%20Business%20DBA%20Fictitious%20Name%20Registration%20bb279f16873f4819997cc93b3fc45c74.csv), Indiana BMV Duplicate Title Application (Indiana%20BMV%20Duplicate%20Title%20Application%2015df84a04402815980a0c5bc60d86627.csv), Indiana BMV Services Plates (Indiana%20BMV%20Services%20Plates%2015df84a04402816d86d3cba68acf05c2.csv), Registered Agent Services (Registered%20Agent%20Services%20e589c5314f9647ef9d2df69c02e27147.csv), Business Core Essentials: State Registration, Merchant License and EIN Application (Business%20Core%20Essentials%20State%20Registration,%20Merch%20164f84a04402801ab4c6da02327ce8bf.csv), Indiana Business Entity Report (Indiana%20Business%20Entity%20Report%2051709c0274fa4bea943b32638a5db3b6.csv)",1533,,,
2. Tax Services and Accounting,,"Unlock your business potential with our comprehensive Tax Services and Accounting solutions!

- Entity Formation and Registration
- Business Licensing
- Corporate Governance

Our expert team is dedicated to ensuring your business complies with all regulations while maximizing efficiency. Take the first step towards financial success—contact us today to learn more about how we can support your business needs!",Unit,$0.00 ,0,0.2,0,3,TAX,Main,Internal Revenue Service,Service,"Business Licensing, Corporate Governance, Entity Formation",Yes,,"Tax Service X.  709-Estate & Gift Tax Return Filing (Tax%20Service%20X%20709-Estate%20&%20Gift%20Tax%20Return%20Filing%204551228cb0e244a99894667b2b2b91c6.csv), Tax Service X. 1040x-Amended Tax Return Filing (Tax%20Service%20X%201040x-Amended%20Tax%20Return%20Filing%2092d2441ff0fe4a9abb21f990b05066ed.csv), Tax Service X. 990-Non-Profit Tax Return Preparation (990) (Tax%20Service%20X%20990-Non-Profit%20Tax%20Return%20Preparatio%20465b64250f7b49f2b8815b34db588a77.csv), Tax Service X5. K1 Add Ons (Tax%20Service%20X5%20K1%20Add%20Ons%2015df84a0440281a7a0a4cb7afea91950.csv), Tax Service X4. Additional Forms (Tax%20Service%20X4%20Additional%20Forms%2015df84a04402815b94bde194922afa0b.csv), Tax Service X3. Additional State Returns (Tax%20Service%20X3%20Additional%20State%20Returns%2015df84a04402812793bad8025d90bc58.csv), Tax Service X2. Transaction Review (Tax%20Service%20X2%20Transaction%20Review%2015df84a0440281c4854ae9d70cf59010.csv), Tax Service X1. Bank Statement Review (Tax%20Service%20X1%20Bank%20Statement%20Review%2015df84a04402819bb39bd5aa7d78c451.csv), Tax Service S. Sales Tax Return Filing (Tax%20Service%20S%20Sales%20Tax%20Return%20Filing%2015df84a044028155ac1bde79afc2a680.csv), Tax Service X.  940-45-Payroll Tax Return Preparation (Tax%20Service%20X%20940-45-Payroll%20Tax%20Return%20Preparatio%2012e4526f887e45e7a3c277242bbb7c9e.csv), Tax Service N. 1099 Filings (Tax%20Service%20N%201099%20Filings%2015df84a044028183ae38efb76979c789.csv), Tax Service I. ITIN Application (Tax%20Service%20I%20ITIN%20Application%2015df84a0440281248d5fdc4aa7c3f64f.csv), Tax Service F. Corporate - Business Tax Filing (1120S-1120 with state) (Tax%20Service%20F%20Corporate%20-%20Business%20Tax%20Filing%20(112%2015df84a0440281449b74f241ec020a43.csv), Tax Service E. Business Partners (Tax%20Service%20E%20Business%20Partners%2015df84a044028137b971f6793e4f4052.csv), Tax Service D. Business Owner Return (Tax%20Service%20D%20Business%20Owner%20Return%2015df84a0440281b7b4d6e844bc9949d9.csv), Tax Service C. Contractor Return (Tax%20Service%20C%20Contractor%20Return%2015df84a04402818d99c3f60b278966d2.csv), Tax Service B. Head of Household (Tax%20Service%20B%20Head%20of%20Household%2015df84a0440281a89ce8cc95512cba5d.csv), Tax Service A. Individual Return (Tax%20Service%20A%20Individual%20Return%2015df84a04402815ebbc7f1242c1a052c.csv), Tax Service XX. Tax Resolution & IRS Representation (Tax%20Service%20XX%20Tax%20Resolution%20&%20IRS%20Representation%20120645cf643d46779e52ad5cfb683d8e.csv), Tax Service XX. Tax Planning & Advisory Services (Tax%20Service%20XX%20Tax%20Planning%20&%20Advisory%20Services%206272e174f09f4c42b8eb55bea7560487.csv)",2772,,All,
3. HR & Administrative Services,,"Unlock the potential of your workforce with our comprehensive HR & Administrative Services!

- Expert HR Documentation and Policies
- Streamlined Employee Benefits and Management
- Effective Training and Compliance Solutions

Enhance your organization's efficiency and employee satisfaction with our tailored services. Contact us today to elevate your HR practices!",Unit,$0.00 ,0,0.2,0,3,HRA,Main,Internal,Service,"Employee Benefits, Training Compliance, Workforce Management",Yes,,"Compensation & Benefits Planning (Compensation%20&%20Benefits%20Planning%20be0d7e28a3644e1eb941582078d69eae.csv), Electronic Payment Fee (Electronic%20Payment%20Fee%2015df84a044028166a0f7f14c75f403ee.csv), Leave Management Administration (Leave%20Management%20Administration%204fa012a2a02d44b59b1a9416a81d72b1.csv), HRIS Implementation (HRIS%20Implementation%2015df84a0440281f98815f17728f7bcd6.csv), HR Implementation (HR%20Implementation%2015df84a04402812fa378eb409f6c62ef.csv), HR Documentation & Policy Development (HR%20Documentation%20&%20Policy%20Development%205b2b04b1e6304e70bc4a69a3693c34e7.csv), HR Compliance Audits (HR%20Compliance%20Audits%2085e656d0d1d749378da519f988af1639.csv), HR Analytics & Reporting (HR%20Analytics%20&%20Reporting%20faeb96f82c8d4732afd32e791d75902b.csv), HR & Administrative Services (HR%20&%20Administrative%20Services%208819f1c6d51d4fe890aacbeb489cbf60.csv), Employee Handbook Creation (Employee%20Handbook%20Creation%20e3149f7060c24a8ea29b88a8fb68d233.csv), Employee Benefits Administration (Employee%20Benefits%20Administration%208503af24256f4c92981be97bbcc0b888.csv), Workplace Safety Compliance (Workplace%20Safety%20Compliance%209cb74f0106804768afb3f61aded16270.csv), Training Program Development (Training%20Program%20Development%20a328f5aa27d94c039079d395fa8c7df6.csv), Vendor Selection & Management (Vendor%20Selection%20&%20Management%200a49cc2600b74f09b06487e6dfbfb0e9.csv), Performance Management Systems (Performance%20Management%20Systems%20790d8b02eb1e444daf91f7941df34959.csv), Recruitment & Onboarding Support (Recruitment%20&%20Onboarding%20Support%2002f94a940cc645d1877a880976cf3ce1.csv)",21664.05,,,
4. IT Services,,"Unlock seamless IT solutions with our comprehensive IT Services! Our expert offerings ensure your technology runs smoothly and securely.
• Hardware and Network Setup
• Security and Maintenance
• Cloud and System Management
Experience peace of mind with our dedicated IT support. Contact us today to elevate your business's technology infrastructure!",Unit,$0.00 ,0,0.2,0,4,ITA,Main,Internal,Service,"Business IT Support, Comprehensive IT Solutions, Technology Integration Services",Yes,,"Technology Adoption Strategy (Technology%20Adoption%20Strategy%201c71db24d2ff4ba3b47bf62519be3bee.csv), Website Initial Setup (Website%20Initial%20Setup%2015df84a04402812b8b59ebaad61cd8c6.csv), System Maintenance & Updates (System%20Maintenance%20&%20Updates%20629d32b63ae44bb29c499ae30c65eb36.csv), Remote Access Solutions (Remote%20Access%20Solutions%20a82416dae14942559acf4cbae9b34fde.csv), Software Installation & Support (Software%20Installation%20&%20Support%206112cca3b41a4ab1b4a94308b6329811.csv), IT Training & Support (IT%20Training%20&%20Support%200e66e259d7e6495eb8e83287e4d5f8c3.csv), IT Infrastructure Planning (IT%20Infrastructure%20Planning%20c33a5b36e57745fdb24e4fdc30a1e190.csv), Hardware Setup & Installation (Hardware%20Setup%20&%20Installation%20e613107a9be64f338b0bbb84dac667c7.csv), Cloud Services (Cloud%20Services%20523ccd6c40184ec3a33a139866bd7c96.csv)",2191,,,
5. Marketing and Branding,,,,,0,,0,,,,,,,No,,,,,,
6. Document Services,,"Unlock seamless document solutions with our comprehensive Document Services! Whether you need to manage, print, or authenticate your important papers, we have you covered.
• Print and Certification Services: Ensure your documents are professionally printed and certified.
• Document Management: Organize and store your documents efficiently.
• Translation and Authentication: Get your documents translated and authenticated with ease.
Experience hassle-free document handling today! Contact us to learn more about how our services can meet your needs.",Unit,$0.00 ,0,0.2,0,2,DOC,Main,Internal,Service,"Document Solutions, Professional Printing, Translation Services",Yes,,"Apostille Services (Apostille%20Services%205d617594d216488db6171cc12dd2484f.csv), BMV SERVICE FEE (BMV%20SERVICE%20FEE%2015df84a044028138baabf83539f3aa9a.csv), Document Translation Services (Document%20Translation%20Services%20494b4442389b42458367aa4b407191bb.csv), Document Scanning & Digitization (Document%20Scanning%20&%20Digitization%2015197510a22b4be19441a84aae9a41c4.csv), Legal Document Preparation (Legal%20Document%20Preparation%203659c522f1d8469bb599dcb18e53f46b.csv), LFCEL01 (LFCEL01%2015df84a04402814ba21cd7b7ac2fb57a.csv), Notary Services (Notary%20Services%2055ee7173d40f4c65b62fd72c0b0ec7fa.csv), Print Services (Various Packages) (Print%20Services%20(Various%20Packages)%20dd3c7334889a4d0585df65b97f45fb41.csv), Print Service P-Passport Photo (Print%20Service%20P-Passport%20Photo%2015df84a0440281fd8203d6af7f9cdc55.csv), Print Service G-Custom (Print%20Service%20G-Custom%2015df84a0440281379bc0e91798cdb4a3.csv), Print Service F-15C5L60C100B (Print%20Service%20F-15C5L60C100B%2015df84a044028194bb5add5806059f56.csv), Print Service E-15C5L50C80B (Print%20Service%20E-15C5L50C80B%2015df84a044028184bce4c96ac87614ce.csv), Print Service D-10C4L40C50B (Print%20Service%20D-10C4L40C50B%2015df84a0440281f29b33c6ba9807b41e.csv), Print Service C-3C2L15C20B (Print%20Service%20C-3C2L15C20B%2015df84a04402814a84cad930b36ac5ca.csv), Print Service B-1C1L5C10B (Print%20Service%20B-1C1L5C10B%2015df84a044028180905ff533c8f60def.csv), Shipping (Shipping%2015df84a0440281b6bb61d270f754daef.csv), Passport Photo Services (Passport%20Photo%20Services%205f976df638be4ad1a39f443987bbe61d.csv), STAMPS (STAMPS%2015df84a04402819ea858d8932dc0fc9b.csv), Print Service A-0C1L2C4B (Print%20Service%20A-0C1L2C4B%2015df84a0440281d4b55cd00066e8b283.csv)",911.09,,,
7. Other Business Support,,"Unlock your business potential with our expert consulting services! Our tailored solutions are designed to elevate your organization through strategic insights and innovative approaches.

- Business Strategy: Develop a clear roadmap for success.
- Technology and Digital Transformation: Embrace the future with cutting-edge technology.
- Risk Management and Compliance: Safeguard your business with robust risk strategies.

Experience the difference our consulting services can make. Contact us today to start your journey towards success!",Unit,$0.00 ,0,0.01,0,5,COS,Main,Internal,Service,"Business Strategy, Digital Transformation, Risk Management",Yes,,"Project Consulting (Project%20Consulting%2015df84a044028150b09efda916772f49.csv), General Consult (General%20Consult%2015df84a0440281479919e6b4e48a6755.csv), Process Optimization (Process%20Optimization%207c126499089a4aaba521e22dc510fcb5.csv), Wedding Officiation (Wedding%20Officiation%2015df84a044028173a891fa6d79e3d04b.csv)",2796,,,
Apostille Services,,"Unlock the power of hassle-free document verification with our Apostille Services!

- Fast and reliable processing
- Expert guidance through the entire apostille process
- Compliance with international document standards
- Tailored solutions for personal and business needs

Experience peace of mind knowing your documents are in expert hands. Contact us today to streamline your apostille needs!",Unit,$49.00 ,38.22,0.2,7.644,3,DOC,,,Service,Document Solutions,Yes,6. Document Services (6%20Document%20Services%2061989c549bbc42f5b36cb3ea8d73310a.csv),,,-1,,
BMV SERVICE FEE,,,Unit,$300.00 ,234,0.2,46.8,2,DOC,,,Service,"Commission Management, Pricing Strategies, Service Fee",Yes,6. Document Services (6%20Document%20Services%2061989c549bbc42f5b36cb3ea8d73310a.csv),,,-1,,
"Business Core Essentials: State Registration, Merchant License and EIN Application",,"Unlock your business potential with our comprehensive Business Core Essentials package!

- State Registration: Ensure your business is legally recognized.
- Merchant License: Obtain the necessary permits to operate.
- EIN Application: Secure your Employer Identification Number for tax purposes.

For just $349.00, this one-hour service will streamline your business setup process. Don’t miss out on the opportunity to establish your business with confidence—get started today!",Package,$349.00 ,272.22,0.2,54.444,5,BIZ,State,,Service,"Business Licensing, Entity Formation",Yes,1. Business Formation and Compliance (1%20Business%20Formation%20and%20Compliance%2078d423d4f12d4eb8a34c14a13e66894b.csv),"Indiana and Local Tax Registration (Indiana%20and%20Local%20Tax%20Registration%2013bc5c3987684e8db68242dbc86c47c7.csv), Indiana Business Entity Formation (Indiana%20Business%20Entity%20Formation%206c1de0970d474536bb9ec553bbbd44a3.csv), Federal EIN Registration (Federal%20EIN%20Registration%20eb6d4539bf464552989436802cf77b75.csv)",467,0.3381088825,,
Business Dissolution Services,,"Business Dissolution Services: Streamline Your Exit with Ease!

- Expert assistance in dissolving your business efficiently
- Affordable unit rate of $119.00 for 1 hour of service
- Active and ready to help you navigate the dissolution process
- Product Code: BIZ for easy reference

Don't let the complexities of business dissolution overwhelm you. Our dedicated team is here to guide you every step of the way. Contact us today to get started!",Unit,$119.00 ,92.82,0.2,18.564,5,BIZ,Filing,,Service,Business Strategy,Yes,1. Business Formation and Compliance (1%20Business%20Formation%20and%20Compliance%2078d423d4f12d4eb8a34c14a13e66894b.csv),,,-1,,
Business Strategic Planning & Compliance,,"Business Strategic Planning & Compliance: Elevate your business with expert guidance!

- Unit Rate: Hour
- Service Duration: 3 hours
- Product Code: BIZ
- Unit Price: $99.00
- Product Active: Yes

Unlock your business's potential with our strategic planning and compliance services. Designed to help you navigate the complexities of business operations, our expert team is ready to assist you. Don't miss out on the opportunity to optimize your business strategy—contact us today!",Hour,$99.00 ,77.22,0.2,15.444,10,BIZ,Planning,,Service,Business Strategy,Yes,1. Business Formation and Compliance (1%20Business%20Formation%20and%20Compliance%2078d423d4f12d4eb8a34c14a13e66894b.csv),,,-1,,
Cloud Services,,,Unit,$99.00 ,77.22,0.2,15.444,3,ITA,,,Service,"Cloud Services, Comprehensive IT Solutions, Technology Integration Services",Yes,4. IT Services (4%20IT%20Services%20bd8f95320bf8455ca1ef29316763d99a.csv),,,-1,,
Compensation & Benefits Planning,,,Unit,$999.00 ,779.22,0.2,155.844,10,HRA,,,Service,Employee Benefits,Yes,3. HR & Administrative Services (3%20HR%20&%20Administrative%20Services%20091683c48f2945869941de15fdab8184.csv),,,-1,,
Document Scanning & Digitization,,,Unit,$19.00 ,14.82,0.2,2.964,3,DOC,,,Service,Document Solutions,Yes,6. Document Services (6%20Document%20Services%2061989c549bbc42f5b36cb3ea8d73310a.csv),,,-1,,
Document Translation Services,,,Unit,$49.00 ,38.22,0.2,7.644,3,DOC,,,Service,Translation Services,Yes,6. Document Services (6%20Document%20Services%2061989c549bbc42f5b36cb3ea8d73310a.csv),,,-1,,
Electronic Payment Fee,,,Unit,$0.05 ,0.039,0.2,0.0078,2,HRA,,,Service,"Fee Management, Payment Processing, Transaction Services",Yes,3. HR & Administrative Services (3%20HR%20&%20Administrative%20Services%20091683c48f2945869941de15fdab8184.csv),,,-1,,
Employee Benefits Administration,,"Employee Benefits Administration: Streamline Your Employee Benefits Management

- Comprehensive management of employee benefits
- User-friendly interface for easy navigation
- Customizable options to fit your organization’s needs
- Real-time updates and reporting capabilities
- Dedicated support for seamless implementation

Transform the way you manage employee benefits with our innovative solution. Experience efficiency and clarity in your benefits administration today!",Unit,$999.00 ,779.22,0.2,155.844,5,HRA,,,Service,Employee Benefits,Yes,3. HR & Administrative Services (3%20HR%20&%20Administrative%20Services%20091683c48f2945869941de15fdab8184.csv),,,-1,,
Employee Handbook Creation,,,Unit,$499.00 ,389.22,0.2,77.844,10,HRA,,,Service,Employee Handbook Services,Yes,3. HR & Administrative Services (3%20HR%20&%20Administrative%20Services%20091683c48f2945869941de15fdab8184.csv),,,-1,,
Federal BOIR Filing Services,6.37863E+18,"Federal BOIR Filing Services: Streamline Your Business Operations Today!

- Unit Rate: Unit
- Service Duration: 2 hours
- Product Code: BIZ
- Unit Price: $149.00
- Product Active: Yes

Optimize your federal filing process with our efficient BOIR Filing Services. Perfect for businesses looking to simplify compliance and save time. Don’t miss out on the opportunity to enhance your operational efficiency—contact us today to get started!",Unit,$149.00 ,116.22,0.2,23.244,3,BIZ,Filing,FINCEN,Service,Business Licensing,Yes,1. Business Formation and Compliance (1%20Business%20Formation%20and%20Compliance%2078d423d4f12d4eb8a34c14a13e66894b.csv),,,-1,,https://crm.zoho.com/crm/qhrpeople/tab/Services/6378628000004064003
Federal EIN Registration,,"Get your Federal EIN Registration quickly and easily! Perfect for businesses looking to establish their identity with the IRS.

- Active product status
- Service duration: 1 hour
- Product code: BIZ
- Affordable unit price: $119.00

Secure your EIN today and streamline your business operations. Don't wait—take the first step towards your business success!",,$119.00 ,92.82,,0,2,BIZ,IRS,,Service,"Business Licensing, EIN Registration, Entity Formation",Yes,"Business Core Essentials: State Registration, Merchant License and EIN Application (Business%20Core%20Essentials%20State%20Registration,%20Merch%20164f84a04402801ab4c6da02327ce8bf.csv)",,,-1,,
General Consult,,"General Consult: Unlock Your Potential with Expert Planning Services!
• Unit Rate: Hourly
• Commission Rate: 0.01
• Product Active: Yes
• Entity: Internal
• SubCategory: Planning
• Product Code: COS
• Unit Price: $49.00
• Product Type: Service
Transform your ideas into actionable plans with our General Consult service. For just $49 per hour, benefit from expert guidance tailored to your needs. Don't miss the opportunity to elevate your projects—contact us today to get started!",Hour,$49.00 ,38.22,0.01,0.3822,2,COS,Planning,Internal,Service,Business Strategy,Yes,7. Other Business Support (7%20Other%20Business%20Support%20bdf30fd7aef6412797de973437b543fd.csv),,,-1,,
Hardware Setup & Installation,,,Unit,$99.00 ,77.22,0.2,15.444,3,ITA,,,Service,"Comprehensive IT Solutions, Hardware Installation, Technology Integration Services",Yes,4. IT Services (4%20IT%20Services%20bd8f95320bf8455ca1ef29316763d99a.csv),,,-1,,
HR & Administrative Services,,,Unit,,0,0.2,0,5,HRA,,,Service,"Employee Benefits, HR Services, Workforce Management",Yes,3. HR & Administrative Services (3%20HR%20&%20Administrative%20Services%20091683c48f2945869941de15fdab8184.csv),,,,,
HR Analytics & Reporting,,,Unit,,0,0.2,0,5,HRA,,,Service,"Business Strategy, HR Analytics, Workforce Management",Yes,3. HR & Administrative Services (3%20HR%20&%20Administrative%20Services%20091683c48f2945869941de15fdab8184.csv),,,,,
HR Compliance Audits,,,Unit,,0,0.2,0,5,HRA,,,Service,"HR Compliance, Risk Management, Training Compliance",Yes,3. HR & Administrative Services (3%20HR%20&%20Administrative%20Services%20091683c48f2945869941de15fdab8184.csv),,,,,
HR Documentation & Policy Development,,,Unit,,0,0.2,0,5,HRA,,,Service,"Document Solutions, HR Policy Development, Workforce Management",Yes,3. HR & Administrative Services (3%20HR%20&%20Administrative%20Services%20091683c48f2945869941de15fdab8184.csv),,,,,
HR Implementation,,,Unit,"$17,999.00 ",14039.22,0.2,2807.844,2,HRA,,,Service,"Employee Benefits, HR Implementation Services, Workforce Management",Yes,3. HR & Administrative Services (3%20HR%20&%20Administrative%20Services%20091683c48f2945869941de15fdab8184.csv),,,-1,,
HRIS Implementation,,,Unit,"$1,168.00 ",911.04,0.2,182.208,5,HRA,,,Service,"HRIS Implementation, Technology Integration Services, Workforce Management",Yes,3. HR & Administrative Services (3%20HR%20&%20Administrative%20Services%20091683c48f2945869941de15fdab8184.csv),,,-1,,
Indiana and Local Tax Registration,,"Unlock your business potential with our Indiana and Local Tax Registration service!

- Product Active: Yes
- Service Duration: 1 hour
- Product Code: BIZ
- Unit Price: $149.00

Ensure compliance and streamline your tax registration process with our expert service. Don't miss out—get started today and secure your business's future!",,$149.00 ,116.22,,0,2,BIZ,State,,Service,"Business Licensing, Compliance Services, Entity Formation",Yes,"Business Core Essentials: State Registration, Merchant License and EIN Application (Business%20Core%20Essentials%20State%20Registration,%20Merch%20164f84a04402801ab4c6da02327ce8bf.csv)",,,-1,,
Indiana BMV Duplicate Title Application,,"Get your Indiana BMV Duplicate Title Application quickly and easily!

- Fast processing time: Only 2 hours
- Affordable price: Just $100
- Active product for immediate use
- Commission rate: 0%

Don't let a lost title slow you down. Use our service today to secure your duplicate title hassle-free!",Unit,$100.00 ,78,0.2,15.6,2,BIZ,BMV,,Service,Document Solutions,Yes,1. Business Formation and Compliance (1%20Business%20Formation%20and%20Compliance%2078d423d4f12d4eb8a34c14a13e66894b.csv),,,-1,,
Indiana BMV Services Plates,,"Indiana BMV Services Plates: Streamline Your Vehicle Registration Process!

- Unit Rate: Unit
- Commission Rate: 0%
- Product Active: Yes
- Service Duration: 3 hours
- Product Code: BIZ
- Unit Price: $400.00

Experience hassle-free vehicle registration with Indiana BMV Services Plates. Our efficient service ensures you get your plates quickly and without any hidden fees. Don’t wait—take advantage of our streamlined process today!",Unit,$400.00 ,312,0.2,62.4,2,BIZ,BMV,,Service,Business Strategy,Yes,1. Business Formation and Compliance (1%20Business%20Formation%20and%20Compliance%2078d423d4f12d4eb8a34c14a13e66894b.csv),,,-1,,
Indiana Business DBA/Fictitious Name Registration,,"Register your business name in Indiana effortlessly! Our DBA/Fictitious Name Registration service ensures your business is recognized and compliant.

- Unit Rate: 1 hour of service
- Product Code: BIZ
- Unit Price: $99.00
- Active Service: Yes

Secure your business identity today and stand out in the market. Take the first step towards establishing your brand with our reliable registration service!",Unit,$99.00 ,77.22,0.2,15.444,2,BIZ,Filing,,Service,"Business Licensing, Entity Formation",Yes,1. Business Formation and Compliance (1%20Business%20Formation%20and%20Compliance%2078d423d4f12d4eb8a34c14a13e66894b.csv),,,-1,,
Indiana Business Entity Formation,,,,$199.00 ,155.22,,0,5,BIZ,Filing,,Service,Entity Formation,Yes,"Business Core Essentials: State Registration, Merchant License and EIN Application (Business%20Core%20Essentials%20State%20Registration,%20Merch%20164f84a04402801ab4c6da02327ce8bf.csv)",,,-1,,
Indiana Business Entity Report,,"Business Entity Report for Indiana - Essential for Entrepreneurs!

- Comprehensive report from the Indiana Secretary of State
- Active product status ensuring up-to-date information
- Service duration of 1 hour for quick access
- Competitive unit price of $119.00

Unlock the potential of your business with our Indiana Business Entity Report. Perfect for entrepreneurs and business owners looking to stay compliant and informed. Get started today!",Unit,$119.00 ,92.82,0.2,18.564,2,BIZ,Filing,Indiana Secretary of State,Service,"Business Licensing, Entity Formation",Yes,1. Business Formation and Compliance (1%20Business%20Formation%20and%20Compliance%2078d423d4f12d4eb8a34c14a13e66894b.csv),,,-1,,
IT Infrastructure Planning,,,Unit,$499.00 ,389.22,0.2,77.844,10,ITA,,,Service,"Comprehensive IT Solutions, IT Infrastructure Services, Technology Integration Services",Yes,4. IT Services (4%20IT%20Services%20bd8f95320bf8455ca1ef29316763d99a.csv),,,-1,,
IT Training & Support,,,Hour,$99.00 ,77.22,0.2,15.444,3,ITA,,,Service,"Business IT Support, Technology Integration Services, Training Compliance",Yes,4. IT Services (4%20IT%20Services%20bd8f95320bf8455ca1ef29316763d99a.csv),,,-1,,
Leave Management Administration,,,Unit,,0,0.2,0,5,HRA,,,Service,"Corporate Governance, Employee Benefits, Workforce Management",Yes,3. HR & Administrative Services (3%20HR%20&%20Administrative%20Services%20091683c48f2945869941de15fdab8184.csv),,,,,
Legal Document Preparation,,,Unit,$49.00 ,38.22,0.2,7.644,5,DOC,,,,Legal Document Services,Yes,6. Document Services (6%20Document%20Services%2061989c549bbc42f5b36cb3ea8d73310a.csv),,,-1,,
LFCEL01,,,Unit,$30.00 ,23.4,0.2,4.68,2,DOC,,,Service,"Commission Structure, Product Management, Service Pricing",Yes,6. Document Services (6%20Document%20Services%2061989c549bbc42f5b36cb3ea8d73310a.csv),,,-1,,
Notary Services,,"Notary Services: Your Trusted Partner for Legal Document Authentication!

- Professional and reliable notary services
- Convenient mobile notary options available
- Fast turnaround times for document signing
- Experienced notaries ready to assist you
- Competitive pricing with no hidden fees

Ensure your important documents are legally recognized and secure. Contact us today to schedule your notary service and experience peace of mind!",Unit,$10.00 ,7.8,0.2,1.56,2,DOC,,,,Document Solutions,Yes,6. Document Services (6%20Document%20Services%2061989c549bbc42f5b36cb3ea8d73310a.csv),,,-1,,
Passport Photo Services,,"Passport Photo Services: Capture Your Perfect Identity Photo!

- Quick and easy passport photo processing
- Compliant with all official guidelines
- Professional quality images
- Convenient locations and online booking
- Affordable pricing for all budgets

Ensure your passport photo meets all requirements with our expert services. Don’t wait—get your passport photo taken today and travel with confidence!",Unit,$49.00 ,38.22,0.2,7.644,2,DOC,,,,Document Solutions,Yes,6. Document Services (6%20Document%20Services%2061989c549bbc42f5b36cb3ea8d73310a.csv),,,-1,,
Performance Management Systems,,,Unit,,0,0.2,0,3,HRA,,,Service,"Employee Benefits, Performance Management, Workforce Management",Yes,3. HR & Administrative Services (3%20HR%20&%20Administrative%20Services%20091683c48f2945869941de15fdab8184.csv),,,,,
Print Service A-0C1L2C4B,,,Unit,$5.00 ,3.9,0.2,0.78,2,DOC,,,Service,"Document Solutions, Professional Printing",Yes,6. Document Services (6%20Document%20Services%2061989c549bbc42f5b36cb3ea8d73310a.csv),,,-1,,
Print Service B-1C1L5C10B,,,Package,$10.00 ,7.8,0.2,1.56,2,DOC,,,Service,Professional Printing,Yes,6. Document Services (6%20Document%20Services%2061989c549bbc42f5b36cb3ea8d73310a.csv),,,-1,,
Print Service C-3C2L15C20B,,,Package,$20.00 ,15.6,0.2,3.12,3,DOC,,,Service,Professional Printing,Yes,6. Document Services (6%20Document%20Services%2061989c549bbc42f5b36cb3ea8d73310a.csv),,,-1,,
Print Service D-10C4L40C50B,,,Package,$40.00 ,31.2,0.2,6.24,5,DOC,,,Service,Professional Printing,Yes,6. Document Services (6%20Document%20Services%2061989c549bbc42f5b36cb3ea8d73310a.csv),,,-1,,
Print Service E-15C5L50C80B,,,Package,$60.00 ,46.8,0.2,9.36,5,DOC,,,Service,Professional Printing,Yes,6. Document Services (6%20Document%20Services%2061989c549bbc42f5b36cb3ea8d73310a.csv),,,-1,,
Print Service F-15C5L60C100B,,,Package,$80.00 ,62.4,0.2,12.48,2,DOC,,,Service,Professional Printing,Yes,6. Document Services (6%20Document%20Services%2061989c549bbc42f5b36cb3ea8d73310a.csv),,,-1,,
Print Service G-Custom,,"Print Service G-Custom: Elevate Your Printing Experience!

- Unit Price: $100.00
- Commission Rate: 0%
- Product Active: Yes
- Product Owner: Cody Rice-Velasquez

Transform your printing projects with our G-Custom service, designed for quality and efficiency. Perfect for businesses and individuals alike, this service ensures your prints stand out. Don't miss out on the opportunity to enhance your printing needs—try Print Service G-Custom today!",Package,$100.00 ,78,0.2,15.6,2,DOC,,,Service,"Document Solutions, Professional Printing",Yes,6. Document Services (6%20Document%20Services%2061989c549bbc42f5b36cb3ea8d73310a.csv),,,-1,,
Print Service P-Passport Photo,,"Print Service for P-Passport Photos: Capture Your Perfect Look!

- High-quality passport photo printing
- Unit price: $30.00
- No commission fees
- Product actively available
- Managed by Cody Rice-Velasquez

Get your passport photo done right with our professional print service. Ensure your travel documents are ready with a stunning photo that meets all requirements. Order now and step confidently into your next adventure!",Package,$30.00 ,23.4,0.2,4.68,2,,,,Service,Professional Printing,Yes,6. Document Services (6%20Document%20Services%2061989c549bbc42f5b36cb3ea8d73310a.csv),,,-1,,
Print Services (Various Packages),,,Unit,$0.10 ,0.078,0.2,0.0156,2,,,,,Professional Printing,Yes,6. Document Services (6%20Document%20Services%2061989c549bbc42f5b36cb3ea8d73310a.csv),,,-1,,
Process Optimization,,"Unlock unparalleled efficiency with our Process Optimization service!

- Active Product: Yes
- Service Duration: 24 hours
- Unit Price: $2,499.00

Transform your operations and maximize productivity with our expert-led optimization strategies. Experience the difference today—contact us to elevate your business performance!",Unit,"$2,499.00 ",1949.22,0.01,19.4922,3,COS,Planning,Internal Revenue Service,Service,Business Strategy,Yes,7. Other Business Support (7%20Other%20Business%20Support%20bdf30fd7aef6412797de973437b543fd.csv),,,-1,,
Project Consulting,,"Project Consulting: Unlock Your Potential with Expert Guidance!
• Unit Rate: Charged by the hour
• Commission Rate: 1%
• Active Product: Yes
• Entity Type: Internal
• SubCategory: Planning
• Product Code: COS
• Unit Price: $49.00
• Product Type: Service
Transform your projects with our professional consulting services. Whether you're in the planning phase or need strategic insights, our expertise is here to help you succeed. Don't miss out—contact us today to elevate your project outcomes!",Hour,$49.00 ,38.22,0.01,0.3822,5,COS,Planning,Internal,Service,Business Strategy,Yes,7. Other Business Support (7%20Other%20Business%20Support%20bdf30fd7aef6412797de973437b543fd.csv),,,-1,,
Recruitment & Onboarding Support,,,Unit,,0,0.2,0,2,HRA,,,Service,"Employee Benefits, Recruitment Services, Workforce Management",Yes,3. HR & Administrative Services (3%20HR%20&%20Administrative%20Services%20091683c48f2945869941de15fdab8184.csv),,,,,
Registered Agent Services,,"Registered Agent Services: Your Trusted Partner for Business Compliance!

- Yearly service with a unit price of $99.00
- Active product ensuring your business stays compliant
- 12 hours of dedicated service duration
- Product Code: BIZ

Ensure your business meets all legal requirements with our reliable Registered Agent Services. Don't leave your compliance to chance—partner with us today for peace of mind!",Yearly,$99.00 ,77.22,0.2,15.444,3,BIZ,State,,Service,"Business Licensing, Compliance Services, Corporate Governance",Yes,1. Business Formation and Compliance (1%20Business%20Formation%20and%20Compliance%2078d423d4f12d4eb8a34c14a13e66894b.csv),,,-1,,
Remote Access Solutions,,,Unit,$499.00 ,389.22,0.2,77.844,5,ITA,,,Service,"Comprehensive IT Solutions, Remote Access Services, Technology Integration Services",Yes,4. IT Services (4%20IT%20Services%20bd8f95320bf8455ca1ef29316763d99a.csv),,,-1,,
Shipping,,,Unit,$9.99 ,7.7922,0.2,1.55844,2,,,,Service,"Freight Solutions, Logistics Management, Shipping Services",Yes,6. Document Services (6%20Document%20Services%2061989c549bbc42f5b36cb3ea8d73310a.csv),,,-1,,
Software Installation & Support,,,Hour,$99.00 ,77.22,0.2,15.444,4,ITA,,,Service,"Business IT Support, Comprehensive IT Solutions, Technology Integration Services",Yes,4. IT Services (4%20IT%20Services%20bd8f95320bf8455ca1ef29316763d99a.csv),,,-1,,
STAMPS,,,,$1.00 ,0.78,0.2,0.156,2,,,,Service,"Delivery Management, Postal Solutions, Stamp Services",Yes,6. Document Services (6%20Document%20Services%2061989c549bbc42f5b36cb3ea8d73310a.csv),,,-1,,
System Maintenance & Updates,,,Hour,$99.00 ,77.22,0.2,15.444,2,ITA,,,Service,"Business IT Support, Comprehensive IT Solutions, Technology Integration Services",Yes,4. IT Services (4%20IT%20Services%20bd8f95320bf8455ca1ef29316763d99a.csv),,,-1,,
Tax Service A. Individual Return,,"Discover the ultimate solution for your tax needs with our Tax Service A for Individual Returns!

- Form: 1040
- Unit Rate: Unit
- Commission Rate: 0.4
- Product Active: Yes
- Entity: Internal Revenue Service
- SubCategory: Individual
- Product Code: caT: TAX
- Unit Price: $129.00
- Product Type: Service

Streamline your tax filing process with our expert service designed for individuals. Don't miss out on maximizing your returns—choose our Tax Service A today!",Unit,$129.00 ,100.62,0.4,40.248,2,TAX,Individual,Internal Revenue Service,Service,Business Strategy,Yes,2. Tax Services and Accounting (2%20Tax%20Services%20and%20Accounting%20a04888fe9ff842f0881033746b15a9ec.csv),,,-1,1040,
Tax Service B. Head of Household,,"Tax Service B: Maximize Your Refund with Head of Household Filing!

- Form: 1040, CTC
- Commission Rate: 0.4
- Unit Price: $149.00
- Product Type: Service
- Entity: Internal Revenue Service
- SubCategory: HOA
- Product Code: caT: TAX
- Product Active: Yes

Unlock the benefits of filing as Head of Household and ensure you receive the maximum tax refund possible. Our expert tax service is designed to simplify your filing process and optimize your returns. Don't miss out—take advantage of our professional services today!",Unit,$149.00 ,116.22,0.4,46.488,2,TAX,HOA,Internal Revenue Service,Service,Business Strategy,Yes,2. Tax Services and Accounting (2%20Tax%20Services%20and%20Accounting%20a04888fe9ff842f0881033746b15a9ec.csv),Tax Service B1. Student Return (Tax%20Service%20B1%20Student%20Return%2015df84a0440281d9916cceff0ac6cf0a.csv),39,-0.7382550336,"1040, CTC",
Tax Service B1. Student Return,,"Tax Service B1: Simplify Your Student Tax Returns!

- Form: 1040
- Commission Rate: 0.4
- Unit Price: $39.00
- Entity: Internal Revenue Service
- Product Type: Service
- SubCategory: Student
- Product Code: caT: TAX
- Product Active: Yes

Experience hassle-free tax filing with our specialized Tax Service B1 designed for students. Get expert assistance at an affordable price and ensure you maximize your tax benefits. Don’t wait—take control of your tax return today!",Unit,$39.00 ,30.42,0.4,12.168,2,TAX,Student,Internal Revenue Service,Service,Business Strategy,Yes,Tax Service B. Head of Household (Tax%20Service%20B%20Head%20of%20Household%2015df84a0440281a89ce8cc95512cba5d.csv),,,-1,1040,
Tax Service C. Contractor Return,,"Unlock your financial potential with our Tax Service C. Contractor Return!
• Form: 1040, SCHC
• Unit Rate: Unit
• Commission Rate: 0.4
• Product Active: Yes
• Entity: Internal Revenue Service
• SubCategory: Contractor
• Product Code caT: TAX
• Unit Price: $199.00
• Product Type: Service
Experience hassle-free tax filing tailored for contractors. Our expert service ensures compliance and maximizes your returns. Don't miss out on optimizing your tax situation—get started today!",Unit,$199.00 ,155.22,0.4,62.088,2,TAX,Contractor,Internal Revenue Service,Service,"Business Licensing, Risk Management, Tax Services",Yes,2. Tax Services and Accounting (2%20Tax%20Services%20and%20Accounting%20a04888fe9ff842f0881033746b15a9ec.csv),,,-1,"1040, SCHC",
Tax Service D. Business Owner Return,,"Unlock your business potential with our Tax Service D for Business Owners!

- Comprehensive tax preparation with Form 1040, SCHC, and SCHE
- Affordable unit price of $299.00
- Competitive commission rate of 0.4
- Active product ensuring timely service
- Trusted by the Internal Revenue Service

Take the stress out of tax season and ensure your business is compliant and optimized for success. Experience our expert services today and maximize your returns!",Unit,$299.00 ,233.22,0.4,93.288,5,TAX,Owner,Internal Revenue Service,Service,"Business Strategy, Risk Management, Tax Preparation Services",Yes,2. Tax Services and Accounting (2%20Tax%20Services%20and%20Accounting%20a04888fe9ff842f0881033746b15a9ec.csv),,,-1,"1040, SCHC, SCHE",
Tax Service E. Business Partners,,"Unlock the potential of your business with our premier Tax Service tailored for partners!

- Form: 1065 for seamless tax reporting
- Competitive commission rate of 0.4
- Affordable unit price at $399.00
- Active product ensuring up-to-date compliance
- Trusted by the Internal Revenue Service

Experience hassle-free tax preparation and maximize your business efficiency. Don’t miss out on the opportunity to streamline your tax services—contact us today to get started!",Unit,$399.00 ,311.22,0.4,124.488,4,TAX,Partners,Internal Revenue Service,Service,Business Strategy,Yes,2. Tax Services and Accounting (2%20Tax%20Services%20and%20Accounting%20a04888fe9ff842f0881033746b15a9ec.csv),,,-1,1065,
Tax Service F. Corporate - Business Tax Filing (1120S-1120 with state),,"Maximize your business's tax efficiency with our comprehensive Corporate Tax Filing service!

- Forms Covered: 1120, 1120S
- Commission Rate: 0.4
- Unit Price: $499.00
- Entity: Internal Revenue Service
- Product Type: Service
- Active Status: Yes

Our expert team ensures accurate and timely filing to help you navigate the complexities of corporate taxes. Don't leave your business's financial health to chance—take advantage of our professional tax services today!",Unit,$499.00 ,389.22,0.4,155.688,4,TAX,Corporate,Internal Revenue Service,Service,"Business Licensing, Corporate Governance, Risk Management",Yes,2. Tax Services and Accounting (2%20Tax%20Services%20and%20Accounting%20a04888fe9ff842f0881033746b15a9ec.csv),,,-1,"1120, 1120S",
Tax Service I. ITIN Application,,"Unlock your financial potential with our ITIN Application Tax Service!

- Form Submission: Complete assistance with IRS Form 1040 and W7
- Affordable Pricing: Only $249.00 for comprehensive service
- Expert Guidance: Navigate the application process with ease
- Commission Rate: Enjoy a competitive commission rate of 0.4
- Active Product: Our service is currently available and ready for you

Don't let tax complexities hold you back. Take the first step towards securing your ITIN today and experience our top-notch service!",Unit,$249.00 ,194.22,0.4,77.688,2,TAX,ITIN,Internal Revenue Service,Service,"Business Licensing, Document Solutions, Tax Services",Yes,2. Tax Services and Accounting (2%20Tax%20Services%20and%20Accounting%20a04888fe9ff842f0881033746b15a9ec.csv),"Tax Service I2. W7-ITIN Application & Processing (Tax%20Service%20I2%20W7-ITIN%20Application%20&%20Processing%20fad148dde67c4a5eafac3f09c0a84ceb.csv), Tax Service I2 - COA Only (Tax%20Service%20I2%20-%20COA%20Only%2015df84a0440281edb0d6e83b35480179.csv)",258,0.03614457831,"1040, W7",
Tax Service I2 - COA Only,,"Unlock your path to tax compliance with our Tax Service I2 - COA Only!

- Form: W7COA
- Unit Rate: Unit
- Commission Rate: 0.4
- Product Active: Yes
- Entity: Internal Revenue Service
- SubCategory: ITIN
- Product Code: TAX
- Unit Price: $59.00
- Product Type: Service

Experience hassle-free tax services tailored to your needs. Take the first step towards seamless tax filing and compliance today!",Unit,$59.00 ,46.02,0.4,18.408,2,TAX,ITIN,Internal Revenue Service,Service,Tax Compliance Services,Yes,Tax Service I. ITIN Application (Tax%20Service%20I%20ITIN%20Application%2015df84a0440281248d5fdc4aa7c3f64f.csv),,,-1,W7COA,
Tax Service I2. W7-ITIN Application & Processing,,,Unit,$199.00 ,155.22,,0,2,,,,,"ITIN Application, Tax Compliance, Tax Services",Yes,Tax Service I. ITIN Application (Tax%20Service%20I%20ITIN%20Application%2015df84a0440281248d5fdc4aa7c3f64f.csv),,,-1,,
Tax Service N. 1099 Filings,,"Unlock seamless tax filing with our expert 1099 services!

- Form 1099 Filings: Ensure compliance with IRS regulations.
- Competitive Commission Rate: Enjoy a low 0.4 commission rate.
- Affordable Pricing: Only $99.00 per filing.
- Active Product: Our services are fully operational and ready for you.
- Ideal for Contractors: Tailored specifically for contractor needs.

Experience hassle-free tax service that simplifies your filing process. Don’t wait—take advantage of our 1099 filing service today!",Unit,$99.00 ,77.22,0.4,30.888,2,TAX,Contractor,Internal Revenue Service,Service,Tax Compliance Services,Yes,2. Tax Services and Accounting (2%20Tax%20Services%20and%20Accounting%20a04888fe9ff842f0881033746b15a9ec.csv),,,-1,1099,
Tax Service S. Sales Tax Return Filing,,"Unlock hassle-free sales tax return filing with our expert Tax Service S!

- Form Type: SALES
- Commission Rate: 0.4
- Unit Price: $49.00
- Entity: Internal Revenue Service
- Product Type: Service
- Active Status: Yes

Experience seamless compliance and peace of mind with our dedicated service. Let us handle your sales tax return filing efficiently—contact us today to get started!",Unit,$49.00 ,38.22,0.4,15.288,2,TAX,Sales,Internal Revenue Service,Service,Document Solutions,Yes,2. Tax Services and Accounting (2%20Tax%20Services%20and%20Accounting%20a04888fe9ff842f0881033746b15a9ec.csv),,,-1,SALES,
Tax Service X.  709-Estate & Gift Tax Return Filing,,"Maximize your tax efficiency with the 709-Estate & Gift Tax Return Filing service!

- Form: 709
- Commission Rate: 0.4
- Unit Price: $49.00
- Entity: Internal Revenue Service
- SubCategory: Gift
- Product Type: Service

Ensure compliance with IRS regulations while minimizing your tax liabilities. Take advantage of our expert service today and simplify your estate and gift tax filing process!",Unit,$49.00 ,38.22,0.4,15.288,3,TAX,Gift,Internal Revenue Service,Service,Tax Compliance Services,Yes,2. Tax Services and Accounting (2%20Tax%20Services%20and%20Accounting%20a04888fe9ff842f0881033746b15a9ec.csv),,,-1,709,
Tax Service X.  940-45-Payroll Tax Return Preparation,,"Payroll Tax Return Preparation made easy! Our comprehensive service ensures your payroll tax returns are filed accurately and on time.

- Covers Forms: 940, 941, 942, 943, 944, 945
- Competitive commission rate of 0.4
- Affordable unit price of $99.00
- Trusted by the Internal Revenue Service
- Active and reliable service for all payroll needs

Don't let payroll tax preparation overwhelm you. Choose our expert service today and streamline your tax filing process!",Unit,$99.00 ,77.22,0.4,30.888,5,TAX,Payroll,Internal Revenue Service,Service,"Business Licensing, Corporate Governance, Risk Management",Yes,2. Tax Services and Accounting (2%20Tax%20Services%20and%20Accounting%20a04888fe9ff842f0881033746b15a9ec.csv),,,-1,"940, 941, 942, 943, 944, 945",
Tax Service X. 990-Non-Profit Tax Return Preparation (990),,"Prepare your 990 Non-Profit Tax Return with ease and accuracy!

- Form: 909
- Commission Rate: 0.4
- Unit Price: $69.00
- Entity: Internal Revenue Service
- Product Type: Service
- Active Status: Yes

Ensure compliance and maximize your non-profit's potential with our expert tax return preparation service. Don't wait—get started today and simplify your tax filing process!",Unit,$69.00 ,53.82,0.4,21.528,5,TAX,Non-Profit,Internal Revenue Service,Service,"Non-Profit Tax Services, Tax Compliance, Tax Preparation Services",Yes,2. Tax Services and Accounting (2%20Tax%20Services%20and%20Accounting%20a04888fe9ff842f0881033746b15a9ec.csv),,,-1,909,
Tax Service X. 1040x-Amended Tax Return Filing,,"Amend your tax return effortlessly with the 1040X Amended Tax Return Filing service!

- Form: 1040X
- Unit Rate: Unit
- Commission Rate: 0.4
- Entity: Internal Revenue Service
- SubCategory: Amended
- Product Code: TAX
- Unit Price: $199.00
- Product Type: Service

Ensure accuracy and compliance with your tax filings. Take control of your finances today and utilize our 1040X service for a seamless amended tax return experience!",Unit,$199.00 ,155.22,0.4,62.088,2,TAX,Amended,Internal Revenue Service,Service,"Tax Compliance, Tax Filing Assistance, Tax Services",Yes,2. Tax Services and Accounting (2%20Tax%20Services%20and%20Accounting%20a04888fe9ff842f0881033746b15a9ec.csv),,,-1,1040X,
Tax Service X1. Bank Statement Review,,"Unlock the potential of your financial records with Tax Service X1's Bank Statement Review!

- Comprehensive review of bank statements
- Expert bookkeeping services
- Affordable unit price of $20.00
- Commission rate of just 0.4
- Trusted by the Internal Revenue Service

Ensure your financial accuracy and compliance with our dedicated service. Experience peace of mind and clarity in your bookkeeping—try Tax Service X1 today!",Unit,$19.00 ,14.82,0.4,5.928,3,TAX,Bookkeeping,Internal Revenue Service,Service,"Business Strategy, Document Solutions, Risk Management",Yes,2. Tax Services and Accounting (2%20Tax%20Services%20and%20Accounting%20a04888fe9ff842f0881033746b15a9ec.csv),,,-1,BANK,
Tax Service X2. Transaction Review,,"Tax Service X2: Streamline Your Financial Management Today!
• Comprehensive transaction review services
• Affordable unit price of just $0.50
• Competitive commission rate of 0.4%
• Backed by the Internal Revenue Service
• Ideal for bookkeeping needs
Optimize your financial processes with Tax Service X2. Experience efficient and reliable service tailored to your needs. Start enhancing your bookkeeping today!",Unit,$1.00 ,0.78,0.4,0.312,2,TAX,Bookkeeping,Internal Revenue Service,Service,"Business Strategy, Document Solutions, Risk Management",Yes,2. Tax Services and Accounting (2%20Tax%20Services%20and%20Accounting%20a04888fe9ff842f0881033746b15a9ec.csv),,,-1,TRAN,
Tax Service X3. Additional State Returns,,"Unlock seamless tax filing with Tax Service X3, your go-to solution for additional state returns!

- Form Type: STATE
- Unit Rate: Unit
- Commission Rate: 0.4
- Product Code: caT: TAX
- Unit Price: $50.00
- Entity: Internal Revenue Service
- Product Type: Service
- SubCategory: State
- Active Status: Yes

Experience hassle-free tax preparation and ensure compliance with state regulations. Choose Tax Service X3 today for efficient and reliable service!",Unit,$49.00 ,38.22,0.4,15.288,2,TAX,State,Internal Revenue Service,Service,"State Compliance Services, Tax Filing Solutions, Tax Preparation Services",Yes,2. Tax Services and Accounting (2%20Tax%20Services%20and%20Accounting%20a04888fe9ff842f0881033746b15a9ec.csv),,,-1,STATE,
Tax Service X4. Additional Forms,,"Tax Service X4: Simplify Your Tax Filing Experience!

- Affordable unit price of $15.00
- No commission fees
- Active product ensuring reliable service
- Managed by experienced owner Cody Rice-Velasquez

Experience hassle-free tax preparation with Tax Service X4. Take the stress out of filing your taxes and maximize your returns. Start using Tax Service X4 today for a seamless tax experience!",Unit,$19.00 ,14.82,0,0,4,TAX,IRS,Internal Revenue Service,Service,Business Strategy,Yes,2. Tax Services and Accounting (2%20Tax%20Services%20and%20Accounting%20a04888fe9ff842f0881033746b15a9ec.csv),,,-1,,
Tax Service X5. K1 Add Ons,,"Tax Service X5: Simplifying Your Tax Filing Experience!

- Unit Price: $100.00
- Commission Rate: 0%
- Product Active: Yes
- Product Owner: Cody Rice-Velasquez

Experience hassle-free tax preparation with Tax Service X5. Our expert services ensure you maximize your returns while minimizing stress. Don’t miss out on a smoother tax season—choose Tax Service X5 today!",Unit,$99.00 ,77.22,0,0,5,TAX,IRS,Internal Revenue Service,Service,Business Strategy,Yes,2. Tax Services and Accounting (2%20Tax%20Services%20and%20Accounting%20a04888fe9ff842f0881033746b15a9ec.csv),,,-1,,
Tax Service XX. Tax Planning & Advisory Services,,"Tax Planning & Advisory Services: Optimize Your Financial Future Today!

- Comprehensive tax planning and advisory services
- Expert guidance from experienced professionals
- Tailored strategies to minimize tax liabilities
- Hourly rate of just $49.00
- Commission rate of 0.4 for added value
- Active product backed by the Internal Revenue Service

Take control of your financial future with our specialized tax planning services. Contact us today to start maximizing your savings!",Hour,$49.00 ,38.22,0.4,15.288,5,TAX,Planning,Internal Revenue Service,Service,Business Strategy,Yes,2. Tax Services and Accounting (2%20Tax%20Services%20and%20Accounting%20a04888fe9ff842f0881033746b15a9ec.csv),,,-1,All,
Tax Service XX. Tax Resolution & IRS Representation,,"Unlock peace of mind with our expert Tax Resolution & IRS Representation services!

- Comprehensive support for all tax-related issues
- Hourly rate of $49.00 for personalized assistance
- 40% commission rate for effective representation
- Active service designed to navigate IRS complexities
- Trusted by clients for reliable and professional support

Don’t let tax problems overwhelm you. Contact us today to resolve your IRS issues and regain control of your financial future!",Hour,$49.00 ,38.22,0.4,15.288,10,TAX,Represent,Internal Revenue Service,Service,Business Strategy,Yes,2. Tax Services and Accounting (2%20Tax%20Services%20and%20Accounting%20a04888fe9ff842f0881033746b15a9ec.csv),,,-1,All,
Technology Adoption Strategy,,,Unit,$499.00 ,389.22,0.2,77.844,3,ITA,,,Service,"Digital Transformation, Technology Integration Services",Yes,4. IT Services (4%20IT%20Services%20bd8f95320bf8455ca1ef29316763d99a.csv),,,-1,,
Training Program Development,,,Unit,,0,0.2,0,5,HRA,,,Service,"Employee Benefits, Training Compliance, Workforce Management",Yes,3. HR & Administrative Services (3%20HR%20&%20Administrative%20Services%20091683c48f2945869941de15fdab8184.csv),,,,,
Vendor Selection & Management,,,Unit,,0,0.2,0,3,HRA,,,Service,Event Management,Yes,3. HR & Administrative Services (3%20HR%20&%20Administrative%20Services%20091683c48f2945869941de15fdab8184.csv),,,,,
Website Initial Setup,,,Unit,$199.00 ,155.22,0.2,31.044,5,ITA,,,Service,"Comprehensive IT Solutions, Technology Integration Services, Website Development",Yes,4. IT Services (4%20IT%20Services%20bd8f95320bf8455ca1ef29316763d99a.csv),,,-1,,
Wedding Officiation,,"Wedding Officiation Services – Create Unforgettable Moments!

- Professional officiant services for your special day
- Commission rate: 0%
- Active product with a service duration of 1 hour
- Affordable unit price: $199.00
- Registered with the Indiana Secretary of State

Make your wedding ceremony memorable with our dedicated officiation services. Book now to ensure your love story is celebrated beautifully!",Unit,$199.00 ,155.22,0.01,1.5522,2,COS,Wedding,Indiana Secretary of State,Service,Event Management,Yes,7. Other Business Support (7%20Other%20Business%20Support%20bdf30fd7aef6412797de973437b543fd.csv),,,-1,,
Workplace Safety Compliance,,,Unit,,0,0.2,0,3,HRA,,,Service,Training Compliance,Yes,3. HR & Administrative Services (3%20HR%20&%20Administrative%20Services%20091683c48f2945869941de15fdab8184.csv),,,,,